latitude,longitude,dest_latitude,dest_longitude,time
37.63320863,127.07776948,"[37.633203, 37.633255, 37.633385, 37.633396, 37.633347, 37.633261, 37.633203]","[127.077801, 127.078011, 127.077983, 127.077886, 127.077789, 127.077724, 127.077801]",25528.00
37.63320841,127.07777086,"[37.633203, 37.633255, 37.633385, 37.633396, 37.633347, 37.633261, 37.633203]","[127.077801, 127.078011, 127.077983, 127.077886, 127.077789, 127.077724, 127.077801]",25528.20
37.6332082,127.07777226,"[37.633203, 37.633255, 37.633385, 37.633396, 37.633347, 37.633261, 37.633203]","[127.077801, 127.078011, 127.077983, 127.077886, 127.077789, 127.077724, 127.077801]",25528.40
37.63320798,127.07777367,"[37.633203, 37.633255, 37.633385, 37.633396, 37.633347, 37.633261, 37.633203]","[127.077801, 127.078011, 127.077983, 127.077886, 127.077789, 127.077724, 127.077801]",25528.60
37.63320775,127.07777509,"[37.633203, 37.633255, 37.633385, 37.633396, 37.633347, 37.633261, 37.633203]","[127.077801, 127.078011, 127.077983, 127.077886, 127.077789, 127.077724, 127.077801]",25528.80
37.63320752,127.0777765,"[37.633203, 37.633255, 37.633385, 37.633396, 37.633347, 37.633261, 37.633203]","[127.077801, 127.078011, 127.077983, 127.077886, 127.077789, 127.077724, 127.077801]",25529.00
37.63320735,127.07777794,"[37.633203, 37.633255, 37.633385, 37.633396, 37.633347, 37.633261, 37.633203]","[127.077801, 127.078011, 127.077983, 127.077886, 127.077789, 127.077724, 127.077801]",25529.20
37.63320709,127.07777938,"[37.633203, 37.633255, 37.633385, 37.633396, 37.633347, 37.633261, 37.633203]","[127.077801, 127.078011, 127.077983, 127.077886, 127.077789, 127.077724, 127.077801]",25529.40
37.63320689,127.07778085,"[37.633203, 37.633255, 37.633385, 37.633396, 37.633347, 37.633261, 37.633203]","[127.077801, 127.078011, 127.077983, 127.077886, 127.077789, 127.077724, 127.077801]",25529.60
37.63320669,127.07778227,"[37.633203, 37.633255, 37.633385, 37.633396, 37.633347, 37.633261, 37.633203]","[127.077801, 127.078011, 127.077983, 127.077886, 127.077789, 127.077724, 127.077801]",25529.80
37.63320641,127.07778375,"[37.633203, 37.633255, 37.633385, 37.633396, 37.633347, 37.633261, 37.633203]","[127.077801, 127.078011, 127.077983, 127.077886, 127.077789, 127.077724, 127.077801]",25530.00
37.63320548,127.0777874,"[37.633203, 37.633255, 37.633385, 37.633396, 37.633347, 37.633261, 37.633203]","[127.077801, 127.078011, 127.077983, 127.077886, 127.077789, 127.077724, 127.077801]",25530.40
37.63320518,127.07778955,"[37.633203, 37.633255, 37.633385, 37.633396, 37.633347, 37.633261, 37.633203]","[127.077801, 127.078011, 127.077983, 127.077886, 127.077789, 127.077724, 127.077801]",25530.60
37.63320492,127.07779181,"[37.633203, 37.633255, 37.633385, 37.633396, 37.633347, 37.633261, 37.633203]","[127.077801, 127.078011, 127.077983, 127.077886, 127.077789, 127.077724, 127.077801]",25530.80
37.6332048,127.07779418,"[37.633203, 37.633255, 37.633385, 37.633396, 37.633347, 37.633261, 37.633203]","[127.077801, 127.078011, 127.077983, 127.077886, 127.077789, 127.077724, 127.077801]",25531.00
37.63320487,127.07779659,"[37.633203, 37.633255, 37.633385, 37.633396, 37.633347, 37.633261, 37.633203]","[127.077801, 127.078011, 127.077983, 127.077886, 127.077789, 127.077724, 127.077801]",25531.20
37.63320506,127.07779902,"[37.633203, 37.633255, 37.633385, 37.633396, 37.633347, 37.633261, 37.633203]","[127.077801, 127.078011, 127.077983, 127.077886, 127.077789, 127.077724, 127.077801]",25531.40
37.63320539,127.07780145,"[37.633203, 37.633255, 37.633385, 37.633396, 37.633347, 37.633261, 37.633203]","[127.077801, 127.078011, 127.077983, 127.077886, 127.077789, 127.077724, 127.077801]",25531.60
37.63320581,127.07780377,"[37.633203, 37.633255, 37.633385, 37.633396, 37.633347, 37.633261, 37.633203]","[127.077801, 127.078011, 127.077983, 127.077886, 127.077789, 127.077724, 127.077801]",25531.80
37.63320626,127.07780603,"[37.633203, 37.633255, 37.633385, 37.633396, 37.633347, 37.633261, 37.633203]","[127.077801, 127.078011, 127.077983, 127.077886, 127.077789, 127.077724, 127.077801]",25532.00
37.63320677,127.07780818,"[37.633203, 37.633255, 37.633385, 37.633396, 37.633347, 37.633261, 37.633203]","[127.077801, 127.078011, 127.077983, 127.077886, 127.077789, 127.077724, 127.077801]",25532.20
37.63320789,127.07781225,"[37.633203, 37.633255, 37.633385, 37.633396, 37.633347, 37.633261, 37.633203]","[127.077801, 127.078011, 127.077983, 127.077886, 127.077789, 127.077724, 127.077801]",25532.60
37.63320841,127.07781421,"[37.633203, 37.633255, 37.633385, 37.633396, 37.633347, 37.633261, 37.633203]","[127.077801, 127.078011, 127.077983, 127.077886, 127.077789, 127.077724, 127.077801]",25532.80
37.63320898,127.07781616,"[37.633203, 37.633255, 37.633385, 37.633396, 37.633347, 37.633261, 37.633203]","[127.077801, 127.078011, 127.077983, 127.077886, 127.077789, 127.077724, 127.077801]",25533.00
37.63320955,127.07781805,"[37.633203, 37.633255, 37.633385, 37.633396, 37.633347, 37.633261, 37.633203]","[127.077801, 127.078011, 127.077983, 127.077886, 127.077789, 127.077724, 127.077801]",25533.20
37.63321016,127.07781991,"[37.633203, 37.633255, 37.633385, 37.633396, 37.633347, 37.633261, 37.633203]","[127.077801, 127.078011, 127.077983, 127.077886, 127.077789, 127.077724, 127.077801]",25533.40
37.6332107,127.07782174,"[37.633203, 37.633255, 37.633385, 37.633396, 37.633347, 37.633261, 37.633203]","[127.077801, 127.078011, 127.077983, 127.077886, 127.077789, 127.077724, 127.077801]",25533.60
37.63321126,127.07782358,"[37.633203, 37.633255, 37.633385, 37.633396, 37.633347, 37.633261, 37.633203]","[127.077801, 127.078011, 127.077983, 127.077886, 127.077789, 127.077724, 127.077801]",25533.80
37.6332118,127.07782538,"[37.633203, 37.633255, 37.633385, 37.633396, 37.633347, 37.633261, 37.633203]","[127.077801, 127.078011, 127.077983, 127.077886, 127.077789, 127.077724, 127.077801]",25534.00
37.63321232,127.07782717,"[37.633203, 37.633255, 37.633385, 37.633396, 37.633347, 37.633261, 37.633203]","[127.077801, 127.078011, 127.077983, 127.077886, 127.077789, 127.077724, 127.077801]",25534.20
37.63321283,127.077829,"[37.633203, 37.633255, 37.633385, 37.633396, 37.633347, 37.633261, 37.633203]","[127.077801, 127.078011, 127.077983, 127.077886, 127.077789, 127.077724, 127.077801]",25534.40
37.6332133,127.07783078,"[37.633203, 37.633255, 37.633385, 37.633396, 37.633347, 37.633261, 37.633203]","[127.077801, 127.078011, 127.077983, 127.077886, 127.077789, 127.077724, 127.077801]",25534.60
37.63321372,127.07783256,"[37.633203, 37.633255, 37.633385, 37.633396, 37.633347, 37.633261, 37.633203]","[127.077801, 127.078011, 127.077983, 127.077886, 127.077789, 127.077724, 127.077801]",25534.80
37.63321449,127.07783613,"[37.633203, 37.633255, 37.633385, 37.633396, 37.633347, 37.633261, 37.633203]","[127.077801, 127.078011, 127.077983, 127.077886, 127.077789, 127.077724, 127.077801]",25535.20
37.63321478,127.07783786,"[37.633203, 37.633255, 37.633385, 37.633396, 37.633347, 37.633261, 37.633203]","[127.077801, 127.078011, 127.077983, 127.077886, 127.077789, 127.077724, 127.077801]",25535.40
37.6332151,127.07783963,"[37.633203, 37.633255, 37.633385, 37.633396, 37.633347, 37.633261, 37.633203]","[127.077801, 127.078011, 127.077983, 127.077886, 127.077789, 127.077724, 127.077801]",25535.60
37.63321535,127.07784133,"[37.633203, 37.633255, 37.633385, 37.633396, 37.633347, 37.633261, 37.633203]","[127.077801, 127.078011, 127.077983, 127.077886, 127.077789, 127.077724, 127.077801]",25535.80
37.63321563,127.07784307,"[37.633203, 37.633255, 37.633385, 37.633396, 37.633347, 37.633261, 37.633203]","[127.077801, 127.078011, 127.077983, 127.077886, 127.077789, 127.077724, 127.077801]",25536.00
37.63321586,127.07784473,"[37.633203, 37.633255, 37.633385, 37.633396, 37.633347, 37.633261, 37.633203]","[127.077801, 127.078011, 127.077983, 127.077886, 127.077789, 127.077724, 127.077801]",25536.20
37.63321611,127.07784643,"[37.633203, 37.633255, 37.633385, 37.633396, 37.633347, 37.633261, 37.633203]","[127.077801, 127.078011, 127.077983, 127.077886, 127.077789, 127.077724, 127.077801]",25536.40
37.63321637,127.07784811,"[37.633203, 37.633255, 37.633385, 37.633396, 37.633347, 37.633261, 37.633203]","[127.077801, 127.078011, 127.077983, 127.077886, 127.077789, 127.077724, 127.077801]",25536.60
37.63321658,127.07784977,"[37.633203, 37.633255, 37.633385, 37.633396, 37.633347, 37.633261, 37.633203]","[127.077801, 127.078011, 127.077983, 127.077886, 127.077789, 127.077724, 127.077801]",25536.80
37.63321707,127.07785299,"[37.633203, 37.633255, 37.633385, 37.633396, 37.633347, 37.633261, 37.633203]","[127.077801, 127.078011, 127.077983, 127.077886, 127.077789, 127.077724, 127.077801]",25537.20
37.6332173,127.07785464,"[37.633203, 37.633255, 37.633385, 37.633396, 37.633347, 37.633261, 37.633203]","[127.077801, 127.078011, 127.077983, 127.077886, 127.077789, 127.077724, 127.077801]",25537.40
37.63321754,127.07785622,"[37.633203, 37.633255, 37.633385, 37.633396, 37.633347, 37.633261, 37.633203]","[127.077801, 127.078011, 127.077983, 127.077886, 127.077789, 127.077724, 127.077801]",25537.60
37.63321781,127.07785784,"[37.633203, 37.633255, 37.633385, 37.633396, 37.633347, 37.633261, 37.633203]","[127.077801, 127.078011, 127.077983, 127.077886, 127.077789, 127.077724, 127.077801]",25537.80
37.63321808,127.07785941,"[37.633203, 37.633255, 37.633385, 37.633396, 37.633347, 37.633261, 37.633203]","[127.077801, 127.078011, 127.077983, 127.077886, 127.077789, 127.077724, 127.077801]",25538.00
37.63321834,127.07786101,"[37.633203, 37.633255, 37.633385, 37.633396, 37.633347, 37.633261, 37.633203]","[127.077801, 127.078011, 127.077983, 127.077886, 127.077789, 127.077724, 127.077801]",25538.20
37.63321861,127.07786261,"[37.633203, 37.633255, 37.633385, 37.633396, 37.633347, 37.633261, 37.633203]","[127.077801, 127.078011, 127.077983, 127.077886, 127.077789, 127.077724, 127.077801]",25538.40
37.63321895,127.07786418,"[37.633203, 37.633255, 37.633385, 37.633396, 37.633347, 37.633261, 37.633203]","[127.077801, 127.078011, 127.077983, 127.077886, 127.077789, 127.077724, 127.077801]",25538.60
37.63321925,127.07786576,"[37.633203, 37.633255, 37.633385, 37.633396, 37.633347, 37.633261, 37.633203]","[127.077801, 127.078011, 127.077983, 127.077886, 127.077789, 127.077724, 127.077801]",25538.80
37.63321959,127.07786728,"[37.633203, 37.633255, 37.633385, 37.633396, 37.633347, 37.633261, 37.633203]","[127.077801, 127.078011, 127.077983, 127.077886, 127.077789, 127.077724, 127.077801]",25539.00
37.63321994,127.07786879,"[37.633203, 37.633255, 37.633385, 37.633396, 37.633347, 37.633261, 37.633203]","[127.077801, 127.078011, 127.077983, 127.077886, 127.077789, 127.077724, 127.077801]",25539.20
37.63322028,127.07787024,"[37.633203, 37.633255, 37.633385, 37.633396, 37.633347, 37.633261, 37.633203]","[127.077801, 127.078011, 127.077983, 127.077886, 127.077789, 127.077724, 127.077801]",25539.40
37.633221,127.07787304,"[37.633203, 37.633255, 37.633385, 37.633396, 37.633347, 37.633261, 37.633203]","[127.077801, 127.078011, 127.077983, 127.077886, 127.077789, 127.077724, 127.077801]",25539.80
37.63322135,127.0778744,"[37.633203, 37.633255, 37.633385, 37.633396, 37.633347, 37.633261, 37.633203]","[127.077801, 127.078011, 127.077983, 127.077886, 127.077789, 127.077724, 127.077801]",25540.00
37.63322171,127.07787572,"[37.633203, 37.633255, 37.633385, 37.633396, 37.633347, 37.633261, 37.633203]","[127.077801, 127.078011, 127.077983, 127.077886, 127.077789, 127.077724, 127.077801]",25540.20
37.63322209,127.07787702,"[37.633203, 37.633255, 37.633385, 37.633396, 37.633347, 37.633261, 37.633203]","[127.077801, 127.078011, 127.077983, 127.077886, 127.077789, 127.077724, 127.077801]",25540.40
37.63322244,127.07787828,"[37.633203, 37.633255, 37.633385, 37.633396, 37.633347, 37.633261, 37.633203]","[127.077801, 127.078011, 127.077983, 127.077886, 127.077789, 127.077724, 127.077801]",25540.60
37.63322277,127.07787955,"[37.633203, 37.633255, 37.633385, 37.633396, 37.633347, 37.633261, 37.633203]","[127.077801, 127.078011, 127.077983, 127.077886, 127.077789, 127.077724, 127.077801]",25540.80
37.63322309,127.07788068,"[37.633203, 37.633255, 37.633385, 37.633396, 37.633347, 37.633261, 37.633203]","[127.077801, 127.078011, 127.077983, 127.077886, 127.077789, 127.077724, 127.077801]",25541.00
37.63322349,127.07788192,"[37.633203, 37.633255, 37.633385, 37.633396, 37.633347, 37.633261, 37.633203]","[127.077801, 127.078011, 127.077983, 127.077886, 127.077789, 127.077724, 127.077801]",25541.20
37.63322389,127.07788321,"[37.633203, 37.633255, 37.633385, 37.633396, 37.633347, 37.633261, 37.633203]","[127.077801, 127.078011, 127.077983, 127.077886, 127.077789, 127.077724, 127.077801]",25541.40
37.63322428,127.07788449,"[37.633203, 37.633255, 37.633385, 37.633396, 37.633347, 37.633261, 37.633203]","[127.077801, 127.078011, 127.077983, 127.077886, 127.077789, 127.077724, 127.077801]",25541.60
37.63322468,127.07788581,"[37.633203, 37.633255, 37.633385, 37.633396, 37.633347, 37.633261, 37.633203]","[127.077801, 127.078011, 127.077983, 127.077886, 127.077789, 127.077724, 127.077801]",25541.80
37.63322549,127.07788843,"[37.633203, 37.633255, 37.633385, 37.633396, 37.633347, 37.633261, 37.633203]","[127.077801, 127.078011, 127.077983, 127.077886, 127.077789, 127.077724, 127.077801]",25542.20
37.63322591,127.07788979,"[37.633203, 37.633255, 37.633385, 37.633396, 37.633347, 37.633261, 37.633203]","[127.077801, 127.078011, 127.077983, 127.077886, 127.077789, 127.077724, 127.077801]",25542.40
37.63322624,127.07789115,"[37.633203, 37.633255, 37.633385, 37.633396, 37.633347, 37.633261, 37.633203]","[127.077801, 127.078011, 127.077983, 127.077886, 127.077789, 127.077724, 127.077801]",25542.60
37.63322662,127.07789254,"[37.633203, 37.633255, 37.633385, 37.633396, 37.633347, 37.633261, 37.633203]","[127.077801, 127.078011, 127.077983, 127.077886, 127.077789, 127.077724, 127.077801]",25542.80
37.63322694,127.0778939,"[37.633203, 37.633255, 37.633385, 37.633396, 37.633347, 37.633261, 37.633203]","[127.077801, 127.078011, 127.077983, 127.077886, 127.077789, 127.077724, 127.077801]",25543.00
37.63322734,127.0778953,"[37.633203, 37.633255, 37.633385, 37.633396, 37.633347, 37.633261, 37.633203]","[127.077801, 127.078011, 127.077983, 127.077886, 127.077789, 127.077724, 127.077801]",25543.20
37.63322768,127.0778967,"[37.633203, 37.633255, 37.633385, 37.633396, 37.633347, 37.633261, 37.633203]","[127.077801, 127.078011, 127.077983, 127.077886, 127.077789, 127.077724, 127.077801]",25543.40
37.63322797,127.07789815,"[37.633203, 37.633255, 37.633385, 37.633396, 37.633347, 37.633261, 37.633203]","[127.077801, 127.078011, 127.077983, 127.077886, 127.077789, 127.077724, 127.077801]",25543.60
37.63322832,127.07789957,"[37.633203, 37.633255, 37.633385, 37.633396, 37.633347, 37.633261, 37.633203]","[127.077801, 127.078011, 127.077983, 127.077886, 127.077789, 127.077724, 127.077801]",25543.80
37.63322885,127.07790244,"[37.633203, 37.633255, 37.633385, 37.633396, 37.633347, 37.633261, 37.633203]","[127.077801, 127.078011, 127.077983, 127.077886, 127.077789, 127.077724, 127.077801]",25544.20
37.63322914,127.0779039,"[37.633203, 37.633255, 37.633385, 37.633396, 37.633347, 37.633261, 37.633203]","[127.077801, 127.078011, 127.077983, 127.077886, 127.077789, 127.077724, 127.077801]",25544.40
37.63322935,127.07790535,"[37.633203, 37.633255, 37.633385, 37.633396, 37.633347, 37.633261, 37.633203]","[127.077801, 127.078011, 127.077983, 127.077886, 127.077789, 127.077724, 127.077801]",25544.60
37.63322961,127.07790682,"[37.633203, 37.633255, 37.633385, 37.633396, 37.633347, 37.633261, 37.633203]","[127.077801, 127.078011, 127.077983, 127.077886, 127.077789, 127.077724, 127.077801]",25544.80
37.63322988,127.0779083,"[37.633203, 37.633255, 37.633385, 37.633396, 37.633347, 37.633261, 37.633203]","[127.077801, 127.078011, 127.077983, 127.077886, 127.077789, 127.077724, 127.077801]",25545.00
37.63323011,127.07790971,"[37.633203, 37.633255, 37.633385, 37.633396, 37.633347, 37.633261, 37.633203]","[127.077801, 127.078011, 127.077983, 127.077886, 127.077789, 127.077724, 127.077801]",25545.20
37.63323038,127.0779112,"[37.633203, 37.633255, 37.633385, 37.633396, 37.633347, 37.633261, 37.633203]","[127.077801, 127.078011, 127.077983, 127.077886, 127.077789, 127.077724, 127.077801]",25545.40
37.63323065,127.07791267,"[37.633203, 37.633255, 37.633385, 37.633396, 37.633347, 37.633261, 37.633203]","[127.077801, 127.078011, 127.077983, 127.077886, 127.077789, 127.077724, 127.077801]",25545.60
37.6332309,127.07791407,"[37.633203, 37.633255, 37.633385, 37.633396, 37.633347, 37.633261, 37.633203]","[127.077801, 127.078011, 127.077983, 127.077886, 127.077789, 127.077724, 127.077801]",25545.80
37.63323119,127.07791554,"[37.633203, 37.633255, 37.633385, 37.633396, 37.633347, 37.633261, 37.633203]","[127.077801, 127.078011, 127.077983, 127.077886, 127.077789, 127.077724, 127.077801]",25546.00
37.63323148,127.07791692,"[37.633203, 37.633255, 37.633385, 37.633396, 37.633347, 37.633261, 37.633203]","[127.077801, 127.078011, 127.077983, 127.077886, 127.077789, 127.077724, 127.077801]",25546.20
37.63323183,127.07791842,"[37.633203, 37.633255, 37.633385, 37.633396, 37.633347, 37.633261, 37.633203]","[127.077801, 127.078011, 127.077983, 127.077886, 127.077789, 127.077724, 127.077801]",25546.40
37.63323211,127.07791981,"[37.633203, 37.633255, 37.633385, 37.633396, 37.633347, 37.633261, 37.633203]","[127.077801, 127.078011, 127.077983, 127.077886, 127.077789, 127.077724, 127.077801]",25546.60
37.63323274,127.07792273,"[37.633203, 37.633255, 37.633385, 37.633396, 37.633347, 37.633261, 37.633203]","[127.077801, 127.078011, 127.077983, 127.077886, 127.077789, 127.077724, 127.077801]",25547.00
37.63323305,127.07792422,"[37.633203, 37.633255, 37.633385, 37.633396, 37.633347, 37.633261, 37.633203]","[127.077801, 127.078011, 127.077983, 127.077886, 127.077789, 127.077724, 127.077801]",25547.20
37.63323338,127.07792568,"[37.633203, 37.633255, 37.633385, 37.633396, 37.633347, 37.633261, 37.633203]","[127.077801, 127.078011, 127.077983, 127.077886, 127.077789, 127.077724, 127.077801]",25547.40
37.63323369,127.07792716,"[37.633203, 37.633255, 37.633385, 37.633396, 37.633347, 37.633261, 37.633203]","[127.077801, 127.078011, 127.077983, 127.077886, 127.077789, 127.077724, 127.077801]",25547.60
37.63323398,127.07792867,"[37.633203, 37.633255, 37.633385, 37.633396, 37.633347, 37.633261, 37.633203]","[127.077801, 127.078011, 127.077983, 127.077886, 127.077789, 127.077724, 127.077801]",25547.80
37.63323427,127.07793013,"[37.633203, 37.633255, 37.633385, 37.633396, 37.633347, 37.633261, 37.633203]","[127.077801, 127.078011, 127.077983, 127.077886, 127.077789, 127.077724, 127.077801]",25548.00
37.63323458,127.07793164,"[37.633203, 37.633255, 37.633385, 37.633396, 37.633347, 37.633261, 37.633203]","[127.077801, 127.078011, 127.077983, 127.077886, 127.077789, 127.077724, 127.077801]",25548.20
37.63323517,127.07793467,"[37.633203, 37.633255, 37.633385, 37.633396, 37.633347, 37.633261, 37.633203]","[127.077801, 127.078011, 127.077983, 127.077886, 127.077789, 127.077724, 127.077801]",25548.60
37.63323552,127.07793617,"[37.633203, 37.633255, 37.633385, 37.633396, 37.633347, 37.633261, 37.633203]","[127.077801, 127.078011, 127.077983, 127.077886, 127.077789, 127.077724, 127.077801]",25548.80
37.63323585,127.07793766,"[37.633203, 37.633255, 37.633385, 37.633396, 37.633347, 37.633261, 37.633203]","[127.077801, 127.078011, 127.077983, 127.077886, 127.077789, 127.077724, 127.077801]",25549.00
37.63323611,127.07793913,"[37.633203, 37.633255, 37.633385, 37.633396, 37.633347, 37.633261, 37.633203]","[127.077801, 127.078011, 127.077983, 127.077886, 127.077789, 127.077724, 127.077801]",25549.20
37.63323712,127.0779435,"[37.633203, 37.633255, 37.633385, 37.633396, 37.633347, 37.633261, 37.633203]","[127.077801, 127.078011, 127.077983, 127.077886, 127.077789, 127.077724, 127.077801]",25549.60
37.63323744,127.07794495,"[37.633203, 37.633255, 37.633385, 37.633396, 37.633347, 37.633261, 37.633203]","[127.077801, 127.078011, 127.077983, 127.077886, 127.077789, 127.077724, 127.077801]",25550.00
37.63323778,127.07794644,"[37.633203, 37.633255, 37.633385, 37.633396, 37.633347, 37.633261, 37.633203]","[127.077801, 127.078011, 127.077983, 127.077886, 127.077789, 127.077724, 127.077801]",25550.20
37.63323816,127.07794798,"[37.633203, 37.633255, 37.633385, 37.633396, 37.633347, 37.633261, 37.633203]","[127.077801, 127.078011, 127.077983, 127.077886, 127.077789, 127.077724, 127.077801]",25550.40
37.63323851,127.07794945,"[37.633203, 37.633255, 37.633385, 37.633396, 37.633347, 37.633261, 37.633203]","[127.077801, 127.078011, 127.077983, 127.077886, 127.077789, 127.077724, 127.077801]",25550.60
37.63323921,127.07795249,"[37.633203, 37.633255, 37.633385, 37.633396, 37.633347, 37.633261, 37.633203]","[127.077801, 127.078011, 127.077983, 127.077886, 127.077789, 127.077724, 127.077801]",25550.80
37.63323921,127.07795249,"[37.633203, 37.633255, 37.633385, 37.633396, 37.633347, 37.633261, 37.633203]","[127.077801, 127.078011, 127.077983, 127.077886, 127.077789, 127.077724, 127.077801]",25551.00
37.63323954,127.07795403,"[37.633203, 37.633255, 37.633385, 37.633396, 37.633347, 37.633261, 37.633203]","[127.077801, 127.078011, 127.077983, 127.077886, 127.077789, 127.077724, 127.077801]",25551.20
37.63324018,127.07795703,"[37.633203, 37.633255, 37.633385, 37.633396, 37.633347, 37.633261, 37.633203]","[127.077801, 127.078011, 127.077983, 127.077886, 127.077789, 127.077724, 127.077801]",25551.40
37.63324055,127.07795859,"[37.633203, 37.633255, 37.633385, 37.633396, 37.633347, 37.633261, 37.633203]","[127.077801, 127.078011, 127.077983, 127.077886, 127.077789, 127.077724, 127.077801]",25551.80
37.6332412,127.0779616,"[37.633203, 37.633255, 37.633385, 37.633396, 37.633347, 37.633261, 37.633203]","[127.077801, 127.078011, 127.077983, 127.077886, 127.077789, 127.077724, 127.077801]",25552.20
37.63324153,127.07796317,"[37.633203, 37.633255, 37.633385, 37.633396, 37.633347, 37.633261, 37.633203]","[127.077801, 127.078011, 127.077983, 127.077886, 127.077789, 127.077724, 127.077801]",25552.40
37.63324187,127.07796467,"[37.633203, 37.633255, 37.633385, 37.633396, 37.633347, 37.633261, 37.633203]","[127.077801, 127.078011, 127.077983, 127.077886, 127.077789, 127.077724, 127.077801]",25552.60
37.63324254,127.07796772,"[37.633203, 37.633255, 37.633385, 37.633396, 37.633347, 37.633261, 37.633203]","[127.077801, 127.078011, 127.077983, 127.077886, 127.077789, 127.077724, 127.077801]",25552.80
37.63324254,127.07796772,"[37.633203, 37.633255, 37.633385, 37.633396, 37.633347, 37.633261, 37.633203]","[127.077801, 127.078011, 127.077983, 127.077886, 127.077789, 127.077724, 127.077801]",25553.00
37.63324293,127.07796919,"[37.633203, 37.633255, 37.633385, 37.633396, 37.633347, 37.633261, 37.633203]","[127.077801, 127.078011, 127.077983, 127.077886, 127.077789, 127.077724, 127.077801]",25553.20
37.63324329,127.0779707,"[37.633203, 37.633255, 37.633385, 37.633396, 37.633347, 37.633261, 37.633203]","[127.077801, 127.078011, 127.077983, 127.077886, 127.077789, 127.077724, 127.077801]",25553.40
37.63324364,127.0779722,"[37.633203, 37.633255, 37.633385, 37.633396, 37.633347, 37.633261, 37.633203]","[127.077801, 127.078011, 127.077983, 127.077886, 127.077789, 127.077724, 127.077801]",25553.60
37.63324439,127.07797517,"[37.633203, 37.633255, 37.633385, 37.633396, 37.633347, 37.633261, 37.633203]","[127.077801, 127.078011, 127.077983, 127.077886, 127.077789, 127.077724, 127.077801]",25554.00
37.63324475,127.07797668,"[37.633203, 37.633255, 37.633385, 37.633396, 37.633347, 37.633261, 37.633203]","[127.077801, 127.078011, 127.077983, 127.077886, 127.077789, 127.077724, 127.077801]",25554.20
37.63324514,127.07797817,"[37.633203, 37.633255, 37.633385, 37.633396, 37.633347, 37.633261, 37.633203]","[127.077801, 127.078011, 127.077983, 127.077886, 127.077789, 127.077724, 127.077801]",25554.40
37.63324552,127.07797968,"[37.633203, 37.633255, 37.633385, 37.633396, 37.633347, 37.633261, 37.633203]","[127.077801, 127.078011, 127.077983, 127.077886, 127.077789, 127.077724, 127.077801]",25554.60
37.63324588,127.07798116,"[37.633203, 37.633255, 37.633385, 37.633396, 37.633347, 37.633261, 37.633203]","[127.077801, 127.078011, 127.077983, 127.077886, 127.077789, 127.077724, 127.077801]",25554.80
37.63324626,127.07798266,"[37.633203, 37.633255, 37.633385, 37.633396, 37.633347, 37.633261, 37.633203]","[127.077801, 127.078011, 127.077983, 127.077886, 127.077789, 127.077724, 127.077801]",25555.00
37.633247,127.07798564,"[37.633203, 37.633255, 37.633385, 37.633396, 37.633347, 37.633261, 37.633203]","[127.077801, 127.078011, 127.077983, 127.077886, 127.077789, 127.077724, 127.077801]",25555.20
37.633247,127.07798564,"[37.633203, 37.633255, 37.633385, 37.633396, 37.633347, 37.633261, 37.633203]","[127.077801, 127.078011, 127.077983, 127.077886, 127.077789, 127.077724, 127.077801]",25555.40
37.6332473,127.07798707,"[37.633203, 37.633255, 37.633385, 37.633396, 37.633347, 37.633261, 37.633203]","[127.077801, 127.078011, 127.077983, 127.077886, 127.077789, 127.077724, 127.077801]",25555.60
37.63324803,127.07799001,"[37.633203, 37.633255, 37.633385, 37.633396, 37.633347, 37.633261, 37.633203]","[127.077801, 127.078011, 127.077983, 127.077886, 127.077789, 127.077724, 127.077801]",25556.00
37.63324838,127.07799147,"[37.633203, 37.633255, 37.633385, 37.633396, 37.633347, 37.633261, 37.633203]","[127.077801, 127.078011, 127.077983, 127.077886, 127.077789, 127.077724, 127.077801]",25556.20
37.63324893,127.0779948,"[37.633203, 37.633255, 37.633385, 37.633396, 37.633347, 37.633261, 37.633203]","[127.077801, 127.078011, 127.077983, 127.077886, 127.077789, 127.077724, 127.077801]",25556.60
37.63324928,127.07799682,"[37.633203, 37.633255, 37.633385, 37.633396, 37.633347, 37.633261, 37.633203]","[127.077801, 127.078011, 127.077983, 127.077886, 127.077789, 127.077724, 127.077801]",25556.80
37.63324977,127.07799895,"[37.633203, 37.633255, 37.633385, 37.633396, 37.633347, 37.633261, 37.633203]","[127.077801, 127.078011, 127.077983, 127.077886, 127.077789, 127.077724, 127.077801]",25557.00
37.63325123,127.07800339,"[37.633203, 37.633255, 37.633385, 37.633396, 37.633347, 37.633261, 37.633203]","[127.077801, 127.078011, 127.077983, 127.077886, 127.077789, 127.077724, 127.077801]",25557.40
37.63325217,127.07800559,"[37.633203, 37.633255, 37.633385, 37.633396, 37.633347, 37.633261, 37.633203]","[127.077801, 127.078011, 127.077983, 127.077886, 127.077789, 127.077724, 127.077801]",25557.60
37.63325336,127.07800779,"[37.633203, 37.633255, 37.633385, 37.633396, 37.633347, 37.633261, 37.633203]","[127.077801, 127.078011, 127.077983, 127.077886, 127.077789, 127.077724, 127.077801]",25557.80
37.63325462,127.07800993,"[37.633203, 37.633255, 37.633385, 37.633396, 37.633347, 37.633261, 37.633203]","[127.077801, 127.078011, 127.077983, 127.077886, 127.077789, 127.077724, 127.077801]",25558.00
37.63325603,127.078012,"[37.633203, 37.633255, 37.633385, 37.633396, 37.633347, 37.633261, 37.633203]","[127.077801, 127.078011, 127.077983, 127.077886, 127.077789, 127.077724, 127.077801]",25558.20
37.63325754,127.07801401,"[37.633203, 37.633255, 37.633385, 37.633396, 37.633347, 37.633261, 37.633203]","[127.077801, 127.078011, 127.077983, 127.077886, 127.077789, 127.077724, 127.077801]",25558.40
37.63325917,127.07801592,"[37.633203, 37.633255, 37.633385, 37.633396, 37.633347, 37.633261, 37.633203]","[127.077801, 127.078011, 127.077983, 127.077886, 127.077789, 127.077724, 127.077801]",25558.60
37.63326092,127.0780177,"[37.633203, 37.633255, 37.633385, 37.633396, 37.633347, 37.633261, 37.633203]","[127.077801, 127.078011, 127.077983, 127.077886, 127.077789, 127.077724, 127.077801]",25558.80
37.6332628,127.07801939,"[37.633203, 37.633255, 37.633385, 37.633396, 37.633347, 37.633261, 37.633203]","[127.077801, 127.078011, 127.077983, 127.077886, 127.077789, 127.077724, 127.077801]",25559.00
37.63326472,127.07802092,"[37.633203, 37.633255, 37.633385, 37.633396, 37.633347, 37.633261, 37.633203]","[127.077801, 127.078011, 127.077983, 127.077886, 127.077789, 127.077724, 127.077801]",25559.20
37.63326672,127.07802231,"[37.633203, 37.633255, 37.633385, 37.633396, 37.633347, 37.633261, 37.633203]","[127.077801, 127.078011, 127.077983, 127.077886, 127.077789, 127.077724, 127.077801]",25559.40
37.6332688,127.07802364,"[37.633203, 37.633255, 37.633385, 37.633396, 37.633347, 37.633261, 37.633203]","[127.077801, 127.078011, 127.077983, 127.077886, 127.077789, 127.077724, 127.077801]",25559.60
37.63327089,127.07802481,"[37.633203, 37.633255, 37.633385, 37.633396, 37.633347, 37.633261, 37.633203]","[127.077801, 127.078011, 127.077983, 127.077886, 127.077789, 127.077724, 127.077801]",25559.80
37.63327309,127.07802586,"[37.633203, 37.633255, 37.633385, 37.633396, 37.633347, 37.633261, 37.633203]","[127.077801, 127.078011, 127.077983, 127.077886, 127.077789, 127.077724, 127.077801]",25600.00
37.63327533,127.07802678,"[37.633203, 37.633255, 37.633385, 37.633396, 37.633347, 37.633261, 37.633203]","[127.077801, 127.078011, 127.077983, 127.077886, 127.077789, 127.077724, 127.077801]",25600.20
37.63327993,127.07802826,"[37.633203, 37.633255, 37.633385, 37.633396, 37.633347, 37.633261, 37.633203]","[127.077801, 127.078011, 127.077983, 127.077886, 127.077789, 127.077724, 127.077801]",25600.60
37.63328226,127.07802881,"[37.633203, 37.633255, 37.633385, 37.633396, 37.633347, 37.633261, 37.633203]","[127.077801, 127.078011, 127.077983, 127.077886, 127.077789, 127.077724, 127.077801]",25600.80
37.63328463,127.07802926,"[37.633203, 37.633255, 37.633385, 37.633396, 37.633347, 37.633261, 37.633203]","[127.077801, 127.078011, 127.077983, 127.077886, 127.077789, 127.077724, 127.077801]",25601.00
37.63328702,127.07802949,"[37.633203, 37.633255, 37.633385, 37.633396, 37.633347, 37.633261, 37.633203]","[127.077801, 127.078011, 127.077983, 127.077886, 127.077789, 127.077724, 127.077801]",25601.20
37.63328939,127.07802967,"[37.633203, 37.633255, 37.633385, 37.633396, 37.633347, 37.633261, 37.633203]","[127.077801, 127.078011, 127.077983, 127.077886, 127.077789, 127.077724, 127.077801]",25601.40
37.63329172,127.07802968,"[37.633203, 37.633255, 37.633385, 37.633396, 37.633347, 37.633261, 37.633203]","[127.077801, 127.078011, 127.077983, 127.077886, 127.077789, 127.077724, 127.077801]",25601.60
37.63329405,127.07802956,"[37.633203, 37.633255, 37.633385, 37.633396, 37.633347, 37.633261, 37.633203]","[127.077801, 127.078011, 127.077983, 127.077886, 127.077789, 127.077724, 127.077801]",25601.80
37.63329631,127.0780293,"[37.633203, 37.633255, 37.633385, 37.633396, 37.633347, 37.633261, 37.633203]","[127.077801, 127.078011, 127.077983, 127.077886, 127.077789, 127.077724, 127.077801]",25602.00
37.63329848,127.07802892,"[37.633203, 37.633255, 37.633385, 37.633396, 37.633347, 37.633261, 37.633203]","[127.077801, 127.078011, 127.077983, 127.077886, 127.077789, 127.077724, 127.077801]",25602.20
37.63330062,127.07802851,"[37.633203, 37.633255, 37.633385, 37.633396, 37.633347, 37.633261, 37.633203]","[127.077801, 127.078011, 127.077983, 127.077886, 127.077789, 127.077724, 127.077801]",25602.40
37.63330269,127.07802803,"[37.633203, 37.633255, 37.633385, 37.633396, 37.633347, 37.633261, 37.633203]","[127.077801, 127.078011, 127.077983, 127.077886, 127.077789, 127.077724, 127.077801]",25602.60
37.63330465,127.07802748,"[37.633203, 37.633255, 37.633385, 37.633396, 37.633347, 37.633261, 37.633203]","[127.077801, 127.078011, 127.077983, 127.077886, 127.077789, 127.077724, 127.077801]",25602.80
37.63330661,127.07802692,"[37.633203, 37.633255, 37.633385, 37.633396, 37.633347, 37.633261, 37.633203]","[127.077801, 127.078011, 127.077983, 127.077886, 127.077789, 127.077724, 127.077801]",25603.00
37.6333085,127.07802625,"[37.633203, 37.633255, 37.633385, 37.633396, 37.633347, 37.633261, 37.633203]","[127.077801, 127.078011, 127.077983, 127.077886, 127.077789, 127.077724, 127.077801]",25603.20
37.63331215,127.07802491,"[37.633203, 37.633255, 37.633385, 37.633396, 37.633347, 37.633261, 37.633203]","[127.077801, 127.078011, 127.077983, 127.077886, 127.077789, 127.077724, 127.077801]",25603.60
37.63331387,127.07802418,"[37.633203, 37.633255, 37.633385, 37.633396, 37.633347, 37.633261, 37.633203]","[127.077801, 127.078011, 127.077983, 127.077886, 127.077789, 127.077724, 127.077801]",25603.80
37.6333156,127.07802338,"[37.633203, 37.633255, 37.633385, 37.633396, 37.633347, 37.633261, 37.633203]","[127.077801, 127.078011, 127.077983, 127.077886, 127.077789, 127.077724, 127.077801]",25604.00
37.63331729,127.07802261,"[37.633203, 37.633255, 37.633385, 37.633396, 37.633347, 37.633261, 37.633203]","[127.077801, 127.078011, 127.077983, 127.077886, 127.077789, 127.077724, 127.077801]",25604.20
37.63331892,127.07802179,"[37.633203, 37.633255, 37.633385, 37.633396, 37.633347, 37.633261, 37.633203]","[127.077801, 127.078011, 127.077983, 127.077886, 127.077789, 127.077724, 127.077801]",25604.40
37.63332056,127.07802096,"[37.633203, 37.633255, 37.633385, 37.633396, 37.633347, 37.633261, 37.633203]","[127.077801, 127.078011, 127.077983, 127.077886, 127.077789, 127.077724, 127.077801]",25604.60
37.63332217,127.07802013,"[37.633203, 37.633255, 37.633385, 37.633396, 37.633347, 37.633261, 37.633203]","[127.077801, 127.078011, 127.077983, 127.077886, 127.077789, 127.077724, 127.077801]",25604.80
37.63332525,127.07801831,"[37.633203, 37.633255, 37.633385, 37.633396, 37.633347, 37.633261, 37.633203]","[127.077801, 127.078011, 127.077983, 127.077886, 127.077789, 127.077724, 127.077801]",25605.20
37.63332676,127.07801733,"[37.633203, 37.633255, 37.633385, 37.633396, 37.633347, 37.633261, 37.633203]","[127.077801, 127.078011, 127.077983, 127.077886, 127.077789, 127.077724, 127.077801]",25605.40
37.63332822,127.07801645,"[37.633203, 37.633255, 37.633385, 37.633396, 37.633347, 37.633261, 37.633203]","[127.077801, 127.078011, 127.077983, 127.077886, 127.077789, 127.077724, 127.077801]",25605.60
37.63332958,127.07801552,"[37.633203, 37.633255, 37.633385, 37.633396, 37.633347, 37.633261, 37.633203]","[127.077801, 127.078011, 127.077983, 127.077886, 127.077789, 127.077724, 127.077801]",25605.80
37.63333095,127.07801456,"[37.633203, 37.633255, 37.633385, 37.633396, 37.633347, 37.633261, 37.633203]","[127.077801, 127.078011, 127.077983, 127.077886, 127.077789, 127.077724, 127.077801]",25606.00
37.63333223,127.07801363,"[37.633203, 37.633255, 37.633385, 37.633396, 37.633347, 37.633261, 37.633203]","[127.077801, 127.078011, 127.077983, 127.077886, 127.077789, 127.077724, 127.077801]",25606.20
37.6333335,127.07801272,"[37.633203, 37.633255, 37.633385, 37.633396, 37.633347, 37.633261, 37.633203]","[127.077801, 127.078011, 127.077983, 127.077886, 127.077789, 127.077724, 127.077801]",25606.40
37.63333475,127.07801181,"[37.633203, 37.633255, 37.633385, 37.633396, 37.633347, 37.633261, 37.633203]","[127.077801, 127.078011, 127.077983, 127.077886, 127.077789, 127.077724, 127.077801]",25606.60
37.63333717,127.07800993,"[37.633203, 37.633255, 37.633385, 37.633396, 37.633347, 37.633261, 37.633203]","[127.077801, 127.078011, 127.077983, 127.077886, 127.077789, 127.077724, 127.077801]",25607.00
37.6333384,127.07800908,"[37.633203, 37.633255, 37.633385, 37.633396, 37.633347, 37.633261, 37.633203]","[127.077801, 127.078011, 127.077983, 127.077886, 127.077789, 127.077724, 127.077801]",25607.20
37.63333958,127.07800822,"[37.633203, 37.633255, 37.633385, 37.633396, 37.633347, 37.633261, 37.633203]","[127.077801, 127.078011, 127.077983, 127.077886, 127.077789, 127.077724, 127.077801]",25607.40
37.63334079,127.07800744,"[37.633203, 37.633255, 37.633385, 37.633396, 37.633347, 37.633261, 37.633203]","[127.077801, 127.078011, 127.077983, 127.077886, 127.077789, 127.077724, 127.077801]",25607.60
37.633342,127.0780066,"[37.633203, 37.633255, 37.633385, 37.633396, 37.633347, 37.633261, 37.633203]","[127.077801, 127.078011, 127.077983, 127.077886, 127.077789, 127.077724, 127.077801]",25607.80
37.63334322,127.07800574,"[37.633203, 37.633255, 37.633385, 37.633396, 37.633347, 37.633261, 37.633203]","[127.077801, 127.078011, 127.077983, 127.077886, 127.077789, 127.077724, 127.077801]",25608.00
37.63334442,127.07800499,"[37.633203, 37.633255, 37.633385, 37.633396, 37.633347, 37.633261, 37.633203]","[127.077801, 127.078011, 127.077983, 127.077886, 127.077789, 127.077724, 127.077801]",25608.20
37.63334558,127.07800419,"[37.633203, 37.633255, 37.633385, 37.633396, 37.633347, 37.633261, 37.633203]","[127.077801, 127.078011, 127.077983, 127.077886, 127.077789, 127.077724, 127.077801]",25608.40
37.63334674,127.07800339,"[37.633203, 37.633255, 37.633385, 37.633396, 37.633347, 37.633261, 37.633203]","[127.077801, 127.078011, 127.077983, 127.077886, 127.077789, 127.077724, 127.077801]",25608.60
37.63334787,127.07800257,"[37.633203, 37.633255, 37.633385, 37.633396, 37.633347, 37.633261, 37.633203]","[127.077801, 127.078011, 127.077983, 127.077886, 127.077789, 127.077724, 127.077801]",25608.80
37.63334901,127.07800181,"[37.633203, 37.633255, 37.633385, 37.633396, 37.633347, 37.633261, 37.633203]","[127.077801, 127.078011, 127.077983, 127.077886, 127.077789, 127.077724, 127.077801]",25609.00
37.63335015,127.07800105,"[37.633203, 37.633255, 37.633385, 37.633396, 37.633347, 37.633261, 37.633203]","[127.077801, 127.078011, 127.077983, 127.077886, 127.077789, 127.077724, 127.077801]",25609.20
37.6333524,127.07799955,"[37.633203, 37.633255, 37.633385, 37.633396, 37.633347, 37.633261, 37.633203]","[127.077801, 127.078011, 127.077983, 127.077886, 127.077789, 127.077724, 127.077801]",25609.60
37.63335357,127.07799877,"[37.633203, 37.633255, 37.633385, 37.633396, 37.633347, 37.633261, 37.633203]","[127.077801, 127.078011, 127.077983, 127.077886, 127.077789, 127.077724, 127.077801]",25609.80
37.63335474,127.07799806,"[37.633203, 37.633255, 37.633385, 37.633396, 37.633347, 37.633261, 37.633203]","[127.077801, 127.078011, 127.077983, 127.077886, 127.077789, 127.077724, 127.077801]",25610.00
37.63335587,127.07799728,"[37.633203, 37.633255, 37.633385, 37.633396, 37.633347, 37.633261, 37.633203]","[127.077801, 127.078011, 127.077983, 127.077886, 127.077789, 127.077724, 127.077801]",25610.20
37.63335702,127.07799659,"[37.633203, 37.633255, 37.633385, 37.633396, 37.633347, 37.633261, 37.633203]","[127.077801, 127.078011, 127.077983, 127.077886, 127.077789, 127.077724, 127.077801]",25610.40
37.63335815,127.07799585,"[37.633203, 37.633255, 37.633385, 37.633396, 37.633347, 37.633261, 37.633203]","[127.077801, 127.078011, 127.077983, 127.077886, 127.077789, 127.077724, 127.077801]",25610.60
37.63335932,127.07799514,"[37.633203, 37.633255, 37.633385, 37.633396, 37.633347, 37.633261, 37.633203]","[127.077801, 127.078011, 127.077983, 127.077886, 127.077789, 127.077724, 127.077801]",25610.80
37.63336044,127.07799441,"[37.633203, 37.633255, 37.633385, 37.633396, 37.633347, 37.633261, 37.633203]","[127.077801, 127.078011, 127.077983, 127.077886, 127.077789, 127.077724, 127.077801]",25611.00
37.63336159,127.07799373,"[37.633203, 37.633255, 37.633385, 37.633396, 37.633347, 37.633261, 37.633203]","[127.077801, 127.078011, 127.077983, 127.077886, 127.077789, 127.077724, 127.077801]",25611.20
37.63336272,127.07799304,"[37.633203, 37.633255, 37.633385, 37.633396, 37.633347, 37.633261, 37.633203]","[127.077801, 127.078011, 127.077983, 127.077886, 127.077789, 127.077724, 127.077801]",25611.40
37.63336389,127.07799234,"[37.633203, 37.633255, 37.633385, 37.633396, 37.633347, 37.633261, 37.633203]","[127.077801, 127.078011, 127.077983, 127.077886, 127.077789, 127.077724, 127.077801]",25611.60
37.63336623,127.07799105,"[37.633203, 37.633255, 37.633385, 37.633396, 37.633347, 37.633261, 37.633203]","[127.077801, 127.078011, 127.077983, 127.077886, 127.077789, 127.077724, 127.077801]",25612.00
37.63336771,127.07799045,"[37.633203, 37.633255, 37.633385, 37.633396, 37.633347, 37.633261, 37.633203]","[127.077801, 127.078011, 127.077983, 127.077886, 127.077789, 127.077724, 127.077801]",25612.20
37.63336928,127.07798969,"[37.633203, 37.633255, 37.633385, 37.633396, 37.633347, 37.633261, 37.633203]","[127.077801, 127.078011, 127.077983, 127.077886, 127.077789, 127.077724, 127.077801]",25612.40
37.63337091,127.07798874,"[37.633203, 37.633255, 37.633385, 37.633396, 37.633347, 37.633261, 37.633203]","[127.077801, 127.078011, 127.077983, 127.077886, 127.077789, 127.077724, 127.077801]",25612.60
37.63337257,127.07798755,"[37.633203, 37.633255, 37.633385, 37.633396, 37.633347, 37.633261, 37.633203]","[127.077801, 127.078011, 127.077983, 127.077886, 127.077789, 127.077724, 127.077801]",25612.80
37.63337422,127.07798625,"[37.633203, 37.633255, 37.633385, 37.633396, 37.633347, 37.633261, 37.633203]","[127.077801, 127.078011, 127.077983, 127.077886, 127.077789, 127.077724, 127.077801]",25613.00
37.63337579,127.07798471,"[37.633203, 37.633255, 37.633385, 37.633396, 37.633347, 37.633261, 37.633203]","[127.077801, 127.078011, 127.077983, 127.077886, 127.077789, 127.077724, 127.077801]",25613.20
37.6333774,127.077983,"[37.633203, 37.633255, 37.633385, 37.633396, 37.633347, 37.633261, 37.633203]","[127.077801, 127.078011, 127.077983, 127.077886, 127.077789, 127.077724, 127.077801]",25613.40
37.63337886,127.07798116,"[37.633203, 37.633255, 37.633385, 37.633396, 37.633347, 37.633261, 37.633203]","[127.077801, 127.078011, 127.077983, 127.077886, 127.077789, 127.077724, 127.077801]",25613.60
37.63338025,127.07797916,"[37.633203, 37.633255, 37.633385, 37.633396, 37.633347, 37.633261, 37.633203]","[127.077801, 127.078011, 127.077983, 127.077886, 127.077789, 127.077724, 127.077801]",25613.80
37.63338158,127.077977,"[37.633203, 37.633255, 37.633385, 37.633396, 37.633347, 37.633261, 37.633203]","[127.077801, 127.078011, 127.077983, 127.077886, 127.077789, 127.077724, 127.077801]",25614.00
37.63338272,127.07797483,"[37.633203, 37.633255, 37.633385, 37.633396, 37.633347, 37.633261, 37.633203]","[127.077801, 127.078011, 127.077983, 127.077886, 127.077789, 127.077724, 127.077801]",25614.20
37.63338667,127.07796614,"[37.633203, 37.633255, 37.633385, 37.633396, 37.633347, 37.633261, 37.633203]","[127.077801, 127.078011, 127.077983, 127.077886, 127.077789, 127.077724, 127.077801]",25614.80
37.63338667,127.07796614,"[37.633203, 37.633255, 37.633385, 37.633396, 37.633347, 37.633261, 37.633203]","[127.077801, 127.078011, 127.077983, 127.077886, 127.077789, 127.077724, 127.077801]",25615.00
37.6333875,127.077964,"[37.633203, 37.633255, 37.633385, 37.633396, 37.633347, 37.633261, 37.633203]","[127.077801, 127.078011, 127.077983, 127.077886, 127.077789, 127.077724, 127.077801]",25615.20
37.63338835,127.0779619,"[37.633203, 37.633255, 37.633385, 37.633396, 37.633347, 37.633261, 37.633203]","[127.077801, 127.078011, 127.077983, 127.077886, 127.077789, 127.077724, 127.077801]",25615.40
37.63338985,127.07795775,"[37.633203, 37.633255, 37.633385, 37.633396, 37.633347, 37.633261, 37.633203]","[127.077801, 127.078011, 127.077983, 127.077886, 127.077789, 127.077724, 127.077801]",25615.80
37.63339052,127.07795574,"[37.633203, 37.633255, 37.633385, 37.633396, 37.633347, 37.633261, 37.633203]","[127.077801, 127.078011, 127.077983, 127.077886, 127.077789, 127.077724, 127.077801]",25616.00
37.63339115,127.07795372,"[37.633203, 37.633255, 37.633385, 37.633396, 37.633347, 37.633261, 37.633203]","[127.077801, 127.078011, 127.077983, 127.077886, 127.077789, 127.077724, 127.077801]",25616.20
37.63339178,127.07795174,"[37.633203, 37.633255, 37.633385, 37.633396, 37.633347, 37.633261, 37.633203]","[127.077801, 127.078011, 127.077983, 127.077886, 127.077789, 127.077724, 127.077801]",25616.40
37.63339288,127.07794789,"[37.633203, 37.633255, 37.633385, 37.633396, 37.633347, 37.633261, 37.633203]","[127.077801, 127.078011, 127.077983, 127.077886, 127.077789, 127.077724, 127.077801]",25616.80
37.63339342,127.07794594,"[37.633203, 37.633255, 37.633385, 37.633396, 37.633347, 37.633261, 37.633203]","[127.077801, 127.078011, 127.077983, 127.077886, 127.077789, 127.077724, 127.077801]",25617.00
37.63339389,127.07794404,"[37.633203, 37.633255, 37.633385, 37.633396, 37.633347, 37.633261, 37.633203]","[127.077801, 127.078011, 127.077983, 127.077886, 127.077789, 127.077724, 127.077801]",25617.20
37.63339433,127.07794217,"[37.633203, 37.633255, 37.633385, 37.633396, 37.633347, 37.633261, 37.633203]","[127.077801, 127.078011, 127.077983, 127.077886, 127.077789, 127.077724, 127.077801]",25617.40
37.63339478,127.07794032,"[37.633203, 37.633255, 37.633385, 37.633396, 37.633347, 37.633261, 37.633203]","[127.077801, 127.078011, 127.077983, 127.077886, 127.077789, 127.077724, 127.077801]",25617.60
37.63339516,127.07793848,"[37.633203, 37.633255, 37.633385, 37.633396, 37.633347, 37.633261, 37.633203]","[127.077801, 127.078011, 127.077983, 127.077886, 127.077789, 127.077724, 127.077801]",25617.80
37.63339557,127.07793666,"[37.633203, 37.633255, 37.633385, 37.633396, 37.633347, 37.633261, 37.633203]","[127.077801, 127.078011, 127.077983, 127.077886, 127.077789, 127.077724, 127.077801]",25618.00
37.63339592,127.07793484,"[37.633203, 37.633255, 37.633385, 37.633396, 37.633347, 37.633261, 37.633203]","[127.077801, 127.078011, 127.077983, 127.077886, 127.077789, 127.077724, 127.077801]",25618.20
37.63339623,127.07793307,"[37.633203, 37.633255, 37.633385, 37.633396, 37.633347, 37.633261, 37.633203]","[127.077801, 127.078011, 127.077983, 127.077886, 127.077789, 127.077724, 127.077801]",25618.40
37.63339652,127.07793131,"[37.633203, 37.633255, 37.633385, 37.633396, 37.633347, 37.633261, 37.633203]","[127.077801, 127.078011, 127.077983, 127.077886, 127.077789, 127.077724, 127.077801]",25618.60
37.63339682,127.0779296,"[37.633203, 37.633255, 37.633385, 37.633396, 37.633347, 37.633261, 37.633203]","[127.077801, 127.078011, 127.077983, 127.077886, 127.077789, 127.077724, 127.077801]",25618.80
37.63339708,127.07792792,"[37.633203, 37.633255, 37.633385, 37.633396, 37.633347, 37.633261, 37.633203]","[127.077801, 127.078011, 127.077983, 127.077886, 127.077789, 127.077724, 127.077801]",25619.00
37.63339759,127.07792453,"[37.633203, 37.633255, 37.633385, 37.633396, 37.633347, 37.633261, 37.633203]","[127.077801, 127.078011, 127.077983, 127.077886, 127.077789, 127.077724, 127.077801]",25619.40
37.63339787,127.07792291,"[37.633203, 37.633255, 37.633385, 37.633396, 37.633347, 37.633261, 37.633203]","[127.077801, 127.078011, 127.077983, 127.077886, 127.077789, 127.077724, 127.077801]",25619.60
37.63339817,127.07792126,"[37.633203, 37.633255, 37.633385, 37.633396, 37.633347, 37.633261, 37.633203]","[127.077801, 127.078011, 127.077983, 127.077886, 127.077789, 127.077724, 127.077801]",25619.80
37.63339844,127.07791961,"[37.633203, 37.633255, 37.633385, 37.633396, 37.633347, 37.633261, 37.633203]","[127.077801, 127.078011, 127.077983, 127.077886, 127.077789, 127.077724, 127.077801]",25620.00
37.63339873,127.07791804,"[37.633203, 37.633255, 37.633385, 37.633396, 37.633347, 37.633261, 37.633203]","[127.077801, 127.078011, 127.077983, 127.077886, 127.077789, 127.077724, 127.077801]",25620.20
37.63339905,127.0779164,"[37.633203, 37.633255, 37.633385, 37.633396, 37.633347, 37.633261, 37.633203]","[127.077801, 127.078011, 127.077983, 127.077886, 127.077789, 127.077724, 127.077801]",25620.40
37.63339933,127.07791479,"[37.633203, 37.633255, 37.633385, 37.633396, 37.633347, 37.633261, 37.633203]","[127.077801, 127.078011, 127.077983, 127.077886, 127.077789, 127.077724, 127.077801]",25620.60
37.6333996,127.07791324,"[37.633203, 37.633255, 37.633385, 37.633396, 37.633347, 37.633261, 37.633203]","[127.077801, 127.078011, 127.077983, 127.077886, 127.077789, 127.077724, 127.077801]",25620.80
37.63340001,127.07791153,"[37.633203, 37.633255, 37.633385, 37.633396, 37.633347, 37.633261, 37.633203]","[127.077801, 127.078011, 127.077983, 127.077886, 127.077789, 127.077724, 127.077801]",25621.00
37.6334005,127.07790963,"[37.633203, 37.633255, 37.633385, 37.633396, 37.633347, 37.633261, 37.633203]","[127.077801, 127.078011, 127.077983, 127.077886, 127.077789, 127.077724, 127.077801]",25621.20
37.63340093,127.07790755,"[37.633203, 37.633255, 37.633385, 37.633396, 37.633347, 37.633261, 37.633203]","[127.077801, 127.078011, 127.077983, 127.077886, 127.077789, 127.077724, 127.077801]",25621.40
37.63340122,127.07790532,"[37.633203, 37.633255, 37.633385, 37.633396, 37.633347, 37.633261, 37.633203]","[127.077801, 127.078011, 127.077983, 127.077886, 127.077789, 127.077724, 127.077801]",25621.60
37.63340147,127.07790055,"[37.633203, 37.633255, 37.633385, 37.633396, 37.633347, 37.633261, 37.633203]","[127.077801, 127.078011, 127.077983, 127.077886, 127.077789, 127.077724, 127.077801]",25622.00
37.63340136,127.07789811,"[37.633203, 37.633255, 37.633385, 37.633396, 37.633347, 37.633261, 37.633203]","[127.077801, 127.078011, 127.077983, 127.077886, 127.077789, 127.077724, 127.077801]",25622.20
37.63340104,127.07789565,"[37.633203, 37.633255, 37.633385, 37.633396, 37.633347, 37.633261, 37.633203]","[127.077801, 127.078011, 127.077983, 127.077886, 127.077789, 127.077724, 127.077801]",25622.40
37.63340069,127.07789328,"[37.633203, 37.633255, 37.633385, 37.633396, 37.633347, 37.633261, 37.633203]","[127.077801, 127.078011, 127.077983, 127.077886, 127.077789, 127.077724, 127.077801]",25622.60
37.63340026,127.07789101,"[37.633203, 37.633255, 37.633385, 37.633396, 37.633347, 37.633261, 37.633203]","[127.077801, 127.078011, 127.077983, 127.077886, 127.077789, 127.077724, 127.077801]",25622.80
37.63339982,127.07788876,"[37.633203, 37.633255, 37.633385, 37.633396, 37.633347, 37.633261, 37.633203]","[127.077801, 127.078011, 127.077983, 127.077886, 127.077789, 127.077724, 127.077801]",25623.00
37.63339931,127.07788659,"[37.633203, 37.633255, 37.633385, 37.633396, 37.633347, 37.633261, 37.633203]","[127.077801, 127.078011, 127.077983, 127.077886, 127.077789, 127.077724, 127.077801]",25623.20
37.63339879,127.07788449,"[37.633203, 37.633255, 37.633385, 37.633396, 37.633347, 37.633261, 37.633203]","[127.077801, 127.078011, 127.077983, 127.077886, 127.077789, 127.077724, 127.077801]",25623.40
37.63339826,127.07788243,"[37.633203, 37.633255, 37.633385, 37.633396, 37.633347, 37.633261, 37.633203]","[127.077801, 127.078011, 127.077983, 127.077886, 127.077789, 127.077724, 127.077801]",25623.60
37.63339773,127.07788039,"[37.633203, 37.633255, 37.633385, 37.633396, 37.633347, 37.633261, 37.633203]","[127.077801, 127.078011, 127.077983, 127.077886, 127.077789, 127.077724, 127.077801]",25623.80
37.63339716,127.07787843,"[37.633203, 37.633255, 37.633385, 37.633396, 37.633347, 37.633261, 37.633203]","[127.077801, 127.078011, 127.077983, 127.077886, 127.077789, 127.077724, 127.077801]",25624.00
37.63339601,127.07787466,"[37.633203, 37.633255, 37.633385, 37.633396, 37.633347, 37.633261, 37.633203]","[127.077801, 127.078011, 127.077983, 127.077886, 127.077789, 127.077724, 127.077801]",25624.40
37.63339539,127.07787285,"[37.633203, 37.633255, 37.633385, 37.633396, 37.633347, 37.633261, 37.633203]","[127.077801, 127.078011, 127.077983, 127.077886, 127.077789, 127.077724, 127.077801]",25624.60
37.63339481,127.07787108,"[37.633203, 37.633255, 37.633385, 37.633396, 37.633347, 37.633261, 37.633203]","[127.077801, 127.078011, 127.077983, 127.077886, 127.077789, 127.077724, 127.077801]",25624.80
37.63339423,127.07786936,"[37.633203, 37.633255, 37.633385, 37.633396, 37.633347, 37.633261, 37.633203]","[127.077801, 127.078011, 127.077983, 127.077886, 127.077789, 127.077724, 127.077801]",25625.00
37.63339362,127.0778677,"[37.633203, 37.633255, 37.633385, 37.633396, 37.633347, 37.633261, 37.633203]","[127.077801, 127.078011, 127.077983, 127.077886, 127.077789, 127.077724, 127.077801]",25625.20
37.633393,127.07786601,"[37.633203, 37.633255, 37.633385, 37.633396, 37.633347, 37.633261, 37.633203]","[127.077801, 127.078011, 127.077983, 127.077886, 127.077789, 127.077724, 127.077801]",25625.40
37.63339241,127.07786438,"[37.633203, 37.633255, 37.633385, 37.633396, 37.633347, 37.633261, 37.633203]","[127.077801, 127.078011, 127.077983, 127.077886, 127.077789, 127.077724, 127.077801]",25625.60
37.63339176,127.07786282,"[37.633203, 37.633255, 37.633385, 37.633396, 37.633347, 37.633261, 37.633203]","[127.077801, 127.078011, 127.077983, 127.077886, 127.077789, 127.077724, 127.077801]",25625.80
37.63339119,127.07786121,"[37.633203, 37.633255, 37.633385, 37.633396, 37.633347, 37.633261, 37.633203]","[127.077801, 127.078011, 127.077983, 127.077886, 127.077789, 127.077724, 127.077801]",25626.00
37.6333906,127.07785962,"[37.633203, 37.633255, 37.633385, 37.633396, 37.633347, 37.633261, 37.633203]","[127.077801, 127.078011, 127.077983, 127.077886, 127.077789, 127.077724, 127.077801]",25626.20
37.63338994,127.07785816,"[37.633203, 37.633255, 37.633385, 37.633396, 37.633347, 37.633261, 37.633203]","[127.077801, 127.078011, 127.077983, 127.077886, 127.077789, 127.077724, 127.077801]",25626.40
37.63338939,127.07785659,"[37.633203, 37.633255, 37.633385, 37.633396, 37.633347, 37.633261, 37.633203]","[127.077801, 127.078011, 127.077983, 127.077886, 127.077789, 127.077724, 127.077801]",25626.60
37.63338876,127.07785505,"[37.633203, 37.633255, 37.633385, 37.633396, 37.633347, 37.633261, 37.633203]","[127.077801, 127.078011, 127.077983, 127.077886, 127.077789, 127.077724, 127.077801]",25626.80
37.63338751,127.07785205,"[37.633203, 37.633255, 37.633385, 37.633396, 37.633347, 37.633261, 37.633203]","[127.077801, 127.078011, 127.077983, 127.077886, 127.077789, 127.077724, 127.077801]",25627.20
37.63338693,127.07785055,"[37.633203, 37.633255, 37.633385, 37.633396, 37.633347, 37.633261, 37.633203]","[127.077801, 127.078011, 127.077983, 127.077886, 127.077789, 127.077724, 127.077801]",25627.40
37.6333863,127.07784909,"[37.633203, 37.633255, 37.633385, 37.633396, 37.633347, 37.633261, 37.633203]","[127.077801, 127.078011, 127.077983, 127.077886, 127.077789, 127.077724, 127.077801]",25627.60
37.63338568,127.07784761,"[37.633203, 37.633255, 37.633385, 37.633396, 37.633347, 37.633261, 37.633203]","[127.077801, 127.078011, 127.077983, 127.077886, 127.077789, 127.077724, 127.077801]",25627.80
37.63338513,127.07784618,"[37.633203, 37.633255, 37.633385, 37.633396, 37.633347, 37.633261, 37.633203]","[127.077801, 127.078011, 127.077983, 127.077886, 127.077789, 127.077724, 127.077801]",25628.00
37.63338447,127.07784477,"[37.633203, 37.633255, 37.633385, 37.633396, 37.633347, 37.633261, 37.633203]","[127.077801, 127.078011, 127.077983, 127.077886, 127.077789, 127.077724, 127.077801]",25628.20
37.63338388,127.07784339,"[37.633203, 37.633255, 37.633385, 37.633396, 37.633347, 37.633261, 37.633203]","[127.077801, 127.078011, 127.077983, 127.077886, 127.077789, 127.077724, 127.077801]",25628.40
37.63338321,127.07784199,"[37.633203, 37.633255, 37.633385, 37.633396, 37.633347, 37.633261, 37.633203]","[127.077801, 127.078011, 127.077983, 127.077886, 127.077789, 127.077724, 127.077801]",25628.60
37.6333826,127.07784068,"[37.633203, 37.633255, 37.633385, 37.633396, 37.633347, 37.633261, 37.633203]","[127.077801, 127.078011, 127.077983, 127.077886, 127.077789, 127.077724, 127.077801]",25628.80
37.63338198,127.07783932,"[37.633203, 37.633255, 37.633385, 37.633396, 37.633347, 37.633261, 37.633203]","[127.077801, 127.078011, 127.077983, 127.077886, 127.077789, 127.077724, 127.077801]",25629.00
37.63338136,127.07783798,"[37.633203, 37.633255, 37.633385, 37.633396, 37.633347, 37.633261, 37.633203]","[127.077801, 127.078011, 127.077983, 127.077886, 127.077789, 127.077724, 127.077801]",25629.20
37.63338072,127.07783666,"[37.633203, 37.633255, 37.633385, 37.633396, 37.633347, 37.633261, 37.633203]","[127.077801, 127.078011, 127.077983, 127.077886, 127.077789, 127.077724, 127.077801]",25629.40
37.63337955,127.07783399,"[37.633203, 37.633255, 37.633385, 37.633396, 37.633347, 37.633261, 37.633203]","[127.077801, 127.078011, 127.077983, 127.077886, 127.077789, 127.077724, 127.077801]",25629.80
37.63337889,127.07783271,"[37.633203, 37.633255, 37.633385, 37.633396, 37.633347, 37.633261, 37.633203]","[127.077801, 127.078011, 127.077983, 127.077886, 127.077789, 127.077724, 127.077801]",25630.00
37.63337836,127.0778314,"[37.633203, 37.633255, 37.633385, 37.633396, 37.633347, 37.633261, 37.633203]","[127.077801, 127.078011, 127.077983, 127.077886, 127.077789, 127.077724, 127.077801]",25630.20
37.63337777,127.07783011,"[37.633203, 37.633255, 37.633385, 37.633396, 37.633347, 37.633261, 37.633203]","[127.077801, 127.078011, 127.077983, 127.077886, 127.077789, 127.077724, 127.077801]",25630.40
37.63337715,127.07782886,"[37.633203, 37.633255, 37.633385, 37.633396, 37.633347, 37.633261, 37.633203]","[127.077801, 127.078011, 127.077983, 127.077886, 127.077789, 127.077724, 127.077801]",25630.60
37.63337658,127.07782751,"[37.633203, 37.633255, 37.633385, 37.633396, 37.633347, 37.633261, 37.633203]","[127.077801, 127.078011, 127.077983, 127.077886, 127.077789, 127.077724, 127.077801]",25630.80
37.633376,127.07782624,"[37.633203, 37.633255, 37.633385, 37.633396, 37.633347, 37.633261, 37.633203]","[127.077801, 127.078011, 127.077983, 127.077886, 127.077789, 127.077724, 127.077801]",25631.00
37.6333754,127.07782493,"[37.633203, 37.633255, 37.633385, 37.633396, 37.633347, 37.633261, 37.633203]","[127.077801, 127.078011, 127.077983, 127.077886, 127.077789, 127.077724, 127.077801]",25631.20
37.63337415,127.07782234,"[37.633203, 37.633255, 37.633385, 37.633396, 37.633347, 37.633261, 37.633203]","[127.077801, 127.078011, 127.077983, 127.077886, 127.077789, 127.077724, 127.077801]",25631.60
37.63337353,127.0778211,"[37.633203, 37.633255, 37.633385, 37.633396, 37.633347, 37.633261, 37.633203]","[127.077801, 127.078011, 127.077983, 127.077886, 127.077789, 127.077724, 127.077801]",25631.80
37.63337297,127.07781978,"[37.633203, 37.633255, 37.633385, 37.633396, 37.633347, 37.633261, 37.633203]","[127.077801, 127.078011, 127.077983, 127.077886, 127.077789, 127.077724, 127.077801]",25632.00
37.63337232,127.07781852,"[37.633203, 37.633255, 37.633385, 37.633396, 37.633347, 37.633261, 37.633203]","[127.077801, 127.078011, 127.077983, 127.077886, 127.077789, 127.077724, 127.077801]",25632.20
37.63337169,127.07781726,"[37.633203, 37.633255, 37.633385, 37.633396, 37.633347, 37.633261, 37.633203]","[127.077801, 127.078011, 127.077983, 127.077886, 127.077789, 127.077724, 127.077801]",25632.40
37.63337106,127.07781593,"[37.633203, 37.633255, 37.633385, 37.633396, 37.633347, 37.633261, 37.633203]","[127.077801, 127.078011, 127.077983, 127.077886, 127.077789, 127.077724, 127.077801]",25632.60
37.63337043,127.07781469,"[37.633203, 37.633255, 37.633385, 37.633396, 37.633347, 37.633261, 37.633203]","[127.077801, 127.078011, 127.077983, 127.077886, 127.077789, 127.077724, 127.077801]",25632.80
37.63336976,127.07781347,"[37.633203, 37.633255, 37.633385, 37.633396, 37.633347, 37.633261, 37.633203]","[127.077801, 127.078011, 127.077983, 127.077886, 127.077789, 127.077724, 127.077801]",25633.00
37.63336914,127.07781219,"[37.633203, 37.633255, 37.633385, 37.633396, 37.633347, 37.633261, 37.633203]","[127.077801, 127.078011, 127.077983, 127.077886, 127.077789, 127.077724, 127.077801]",25633.20
37.63336785,127.0778097,"[37.633203, 37.633255, 37.633385, 37.633396, 37.633347, 37.633261, 37.633203]","[127.077801, 127.078011, 127.077983, 127.077886, 127.077789, 127.077724, 127.077801]",25633.60
37.63336723,127.07780844,"[37.633203, 37.633255, 37.633385, 37.633396, 37.633347, 37.633261, 37.633203]","[127.077801, 127.078011, 127.077983, 127.077886, 127.077789, 127.077724, 127.077801]",25633.80
37.63336652,127.07780722,"[37.633203, 37.633255, 37.633385, 37.633396, 37.633347, 37.633261, 37.633203]","[127.077801, 127.078011, 127.077983, 127.077886, 127.077789, 127.077724, 127.077801]",25634.00
37.63336586,127.07780607,"[37.633203, 37.633255, 37.633385, 37.633396, 37.633347, 37.633261, 37.633203]","[127.077801, 127.078011, 127.077983, 127.077886, 127.077789, 127.077724, 127.077801]",25634.20
37.63336522,127.07780484,"[37.633203, 37.633255, 37.633385, 37.633396, 37.633347, 37.633261, 37.633203]","[127.077801, 127.078011, 127.077983, 127.077886, 127.077789, 127.077724, 127.077801]",25634.40
37.6333645,127.07780365,"[37.633203, 37.633255, 37.633385, 37.633396, 37.633347, 37.633261, 37.633203]","[127.077801, 127.078011, 127.077983, 127.077886, 127.077789, 127.077724, 127.077801]",25634.60
37.63336387,127.0778024,"[37.633203, 37.633255, 37.633385, 37.633396, 37.633347, 37.633261, 37.633203]","[127.077801, 127.078011, 127.077983, 127.077886, 127.077789, 127.077724, 127.077801]",25634.80
37.63336318,127.07780095,"[37.633203, 37.633255, 37.633385, 37.633396, 37.633347, 37.633261, 37.633203]","[127.077801, 127.078011, 127.077983, 127.077886, 127.077789, 127.077724, 127.077801]",25635.00
37.63336244,127.07779964,"[37.633203, 37.633255, 37.633385, 37.633396, 37.633347, 37.633261, 37.633203]","[127.077801, 127.078011, 127.077983, 127.077886, 127.077789, 127.077724, 127.077801]",25635.20
37.63336161,127.07779823,"[37.633203, 37.633255, 37.633385, 37.633396, 37.633347, 37.633261, 37.633203]","[127.077801, 127.078011, 127.077983, 127.077886, 127.077789, 127.077724, 127.077801]",25635.40
37.63336078,127.07779677,"[37.633203, 37.633255, 37.633385, 37.633396, 37.633347, 37.633261, 37.633203]","[127.077801, 127.078011, 127.077983, 127.077886, 127.077789, 127.077724, 127.077801]",25635.60
37.63335985,127.07779539,"[37.633203, 37.633255, 37.633385, 37.633396, 37.633347, 37.633261, 37.633203]","[127.077801, 127.078011, 127.077983, 127.077886, 127.077789, 127.077724, 127.077801]",25635.80
37.63335785,127.0777927,"[37.633203, 37.633255, 37.633385, 37.633396, 37.633347, 37.633261, 37.633203]","[127.077801, 127.078011, 127.077983, 127.077886, 127.077789, 127.077724, 127.077801]",25636.20
37.63335684,127.07779138,"[37.633203, 37.633255, 37.633385, 37.633396, 37.633347, 37.633261, 37.633203]","[127.077801, 127.078011, 127.077983, 127.077886, 127.077789, 127.077724, 127.077801]",25636.40
37.63335576,127.07779008,"[37.633203, 37.633255, 37.633385, 37.633396, 37.633347, 37.633261, 37.633203]","[127.077801, 127.078011, 127.077983, 127.077886, 127.077789, 127.077724, 127.077801]",25636.60
37.63335465,127.0777889,"[37.633203, 37.633255, 37.633385, 37.633396, 37.633347, 37.633261, 37.633203]","[127.077801, 127.078011, 127.077983, 127.077886, 127.077789, 127.077724, 127.077801]",25636.80
37.63335356,127.07778778,"[37.633203, 37.633255, 37.633385, 37.633396, 37.633347, 37.633261, 37.633203]","[127.077801, 127.078011, 127.077983, 127.077886, 127.077789, 127.077724, 127.077801]",25637.00
37.63335247,127.07778676,"[37.633203, 37.633255, 37.633385, 37.633396, 37.633347, 37.633261, 37.633203]","[127.077801, 127.078011, 127.077983, 127.077886, 127.077789, 127.077724, 127.077801]",25637.20
37.63335135,127.07778574,"[37.633203, 37.633255, 37.633385, 37.633396, 37.633347, 37.633261, 37.633203]","[127.077801, 127.078011, 127.077983, 127.077886, 127.077789, 127.077724, 127.077801]",25637.40
37.63335024,127.0777848,"[37.633203, 37.633255, 37.633385, 37.633396, 37.633347, 37.633261, 37.633203]","[127.077801, 127.078011, 127.077983, 127.077886, 127.077789, 127.077724, 127.077801]",25637.60
37.63334913,127.07778385,"[37.633203, 37.633255, 37.633385, 37.633396, 37.633347, 37.633261, 37.633203]","[127.077801, 127.078011, 127.077983, 127.077886, 127.077789, 127.077724, 127.077801]",25637.80
37.63334802,127.07778297,"[37.633203, 37.633255, 37.633385, 37.633396, 37.633347, 37.633261, 37.633203]","[127.077801, 127.078011, 127.077983, 127.077886, 127.077789, 127.077724, 127.077801]",25638.00
37.63334695,127.07778209,"[37.633203, 37.633255, 37.633385, 37.633396, 37.633347, 37.633261, 37.633203]","[127.077801, 127.078011, 127.077983, 127.077886, 127.077789, 127.077724, 127.077801]",25638.20
37.63334584,127.07778122,"[37.633203, 37.633255, 37.633385, 37.633396, 37.633347, 37.633261, 37.633203]","[127.077801, 127.078011, 127.077983, 127.077886, 127.077789, 127.077724, 127.077801]",25638.40
37.63334476,127.07778036,"[37.633203, 37.633255, 37.633385, 37.633396, 37.633347, 37.633261, 37.633203]","[127.077801, 127.078011, 127.077983, 127.077886, 127.077789, 127.077724, 127.077801]",25638.60
37.63334376,127.07777956,"[37.633203, 37.633255, 37.633385, 37.633396, 37.633347, 37.633261, 37.633203]","[127.077801, 127.078011, 127.077983, 127.077886, 127.077789, 127.077724, 127.077801]",25638.80
37.63334164,127.07777786,"[37.633203, 37.633255, 37.633385, 37.633396, 37.633347, 37.633261, 37.633203]","[127.077801, 127.078011, 127.077983, 127.077886, 127.077789, 127.077724, 127.077801]",25639.20
37.63334065,127.07777705,"[37.633203, 37.633255, 37.633385, 37.633396, 37.633347, 37.633261, 37.633203]","[127.077801, 127.078011, 127.077983, 127.077886, 127.077789, 127.077724, 127.077801]",25639.40
37.63333959,127.07777617,"[37.633203, 37.633255, 37.633385, 37.633396, 37.633347, 37.633261, 37.633203]","[127.077801, 127.078011, 127.077983, 127.077886, 127.077789, 127.077724, 127.077801]",25639.60
37.63333856,127.07777535,"[37.633203, 37.633255, 37.633385, 37.633396, 37.633347, 37.633261, 37.633203]","[127.077801, 127.078011, 127.077983, 127.077886, 127.077789, 127.077724, 127.077801]",25639.80
37.63333759,127.07777449,"[37.633203, 37.633255, 37.633385, 37.633396, 37.633347, 37.633261, 37.633203]","[127.077801, 127.078011, 127.077983, 127.077886, 127.077789, 127.077724, 127.077801]",25640.00
37.63333655,127.07777366,"[37.633203, 37.633255, 37.633385, 37.633396, 37.633347, 37.633261, 37.633203]","[127.077801, 127.078011, 127.077983, 127.077886, 127.077789, 127.077724, 127.077801]",25640.20
37.6333356,127.07777278,"[37.633203, 37.633255, 37.633385, 37.633396, 37.633347, 37.633261, 37.633203]","[127.077801, 127.078011, 127.077983, 127.077886, 127.077789, 127.077724, 127.077801]",25640.40
37.6333346,127.07777199,"[37.633203, 37.633255, 37.633385, 37.633396, 37.633347, 37.633261, 37.633203]","[127.077801, 127.078011, 127.077983, 127.077886, 127.077789, 127.077724, 127.077801]",25640.60
37.63333269,127.07777026,"[37.633203, 37.633255, 37.633385, 37.633396, 37.633347, 37.633261, 37.633203]","[127.077801, 127.078011, 127.077983, 127.077886, 127.077789, 127.077724, 127.077801]",25641.00
37.63333172,127.0777694,"[37.633203, 37.633255, 37.633385, 37.633396, 37.633347, 37.633261, 37.633203]","[127.077801, 127.078011, 127.077983, 127.077886, 127.077789, 127.077724, 127.077801]",25641.20
37.63333075,127.07776853,"[37.633203, 37.633255, 37.633385, 37.633396, 37.633347, 37.633261, 37.633203]","[127.077801, 127.078011, 127.077983, 127.077886, 127.077789, 127.077724, 127.077801]",25641.40
37.63332985,127.07776768,"[37.633203, 37.633255, 37.633385, 37.633396, 37.633347, 37.633261, 37.633203]","[127.077801, 127.078011, 127.077983, 127.077886, 127.077789, 127.077724, 127.077801]",25641.60
37.63332891,127.0777668,"[37.633203, 37.633255, 37.633385, 37.633396, 37.633347, 37.633261, 37.633203]","[127.077801, 127.078011, 127.077983, 127.077886, 127.077789, 127.077724, 127.077801]",25641.80
37.63332799,127.07776592,"[37.633203, 37.633255, 37.633385, 37.633396, 37.633347, 37.633261, 37.633203]","[127.077801, 127.078011, 127.077983, 127.077886, 127.077789, 127.077724, 127.077801]",25642.00
37.63332709,127.07776509,"[37.633203, 37.633255, 37.633385, 37.633396, 37.633347, 37.633261, 37.633203]","[127.077801, 127.078011, 127.077983, 127.077886, 127.077789, 127.077724, 127.077801]",25642.20
37.63332616,127.07776428,"[37.633203, 37.633255, 37.633385, 37.633396, 37.633347, 37.633261, 37.633203]","[127.077801, 127.078011, 127.077983, 127.077886, 127.077789, 127.077724, 127.077801]",25642.40
37.63332516,127.07776345,"[37.633203, 37.633255, 37.633385, 37.633396, 37.633347, 37.633261, 37.633203]","[127.077801, 127.078011, 127.077983, 127.077886, 127.077789, 127.077724, 127.077801]",25642.60
37.63332333,127.07776182,"[37.633203, 37.633255, 37.633385, 37.633396, 37.633347, 37.633261, 37.633203]","[127.077801, 127.078011, 127.077983, 127.077886, 127.077789, 127.077724, 127.077801]",25643.00
37.63332234,127.077761,"[37.633203, 37.633255, 37.633385, 37.633396, 37.633347, 37.633261, 37.633203]","[127.077801, 127.078011, 127.077983, 127.077886, 127.077789, 127.077724, 127.077801]",25643.20
37.63332139,127.07776022,"[37.633203, 37.633255, 37.633385, 37.633396, 37.633347, 37.633261, 37.633203]","[127.077801, 127.078011, 127.077983, 127.077886, 127.077789, 127.077724, 127.077801]",25643.40
37.63332041,127.07775943,"[37.633203, 37.633255, 37.633385, 37.633396, 37.633347, 37.633261, 37.633203]","[127.077801, 127.078011, 127.077983, 127.077886, 127.077789, 127.077724, 127.077801]",25643.60
37.63331947,127.07775859,"[37.633203, 37.633255, 37.633385, 37.633396, 37.633347, 37.633261, 37.633203]","[127.077801, 127.078011, 127.077983, 127.077886, 127.077789, 127.077724, 127.077801]",25643.80
37.63331847,127.07775786,"[37.633203, 37.633255, 37.633385, 37.633396, 37.633347, 37.633261, 37.633203]","[127.077801, 127.078011, 127.077983, 127.077886, 127.077789, 127.077724, 127.077801]",25644.00
37.63331755,127.07775708,"[37.633203, 37.633255, 37.633385, 37.633396, 37.633347, 37.633261, 37.633203]","[127.077801, 127.078011, 127.077983, 127.077886, 127.077789, 127.077724, 127.077801]",25644.20
37.63331656,127.07775629,"[37.633203, 37.633255, 37.633385, 37.633396, 37.633347, 37.633261, 37.633203]","[127.077801, 127.078011, 127.077983, 127.077886, 127.077789, 127.077724, 127.077801]",25644.40
37.63331554,127.07775555,"[37.633203, 37.633255, 37.633385, 37.633396, 37.633347, 37.633261, 37.633203]","[127.077801, 127.078011, 127.077983, 127.077886, 127.077789, 127.077724, 127.077801]",25644.60
37.63331456,127.07775481,"[37.633203, 37.633255, 37.633385, 37.633396, 37.633347, 37.633261, 37.633203]","[127.077801, 127.078011, 127.077983, 127.077886, 127.077789, 127.077724, 127.077801]",25644.80
37.63331355,127.07775404,"[37.633203, 37.633255, 37.633385, 37.633396, 37.633347, 37.633261, 37.633203]","[127.077801, 127.078011, 127.077983, 127.077886, 127.077789, 127.077724, 127.077801]",25645.00
37.63331257,127.07775328,"[37.633203, 37.633255, 37.633385, 37.633396, 37.633347, 37.633261, 37.633203]","[127.077801, 127.078011, 127.077983, 127.077886, 127.077789, 127.077724, 127.077801]",25645.20
37.63331159,127.07775263,"[37.633203, 37.633255, 37.633385, 37.633396, 37.633347, 37.633261, 37.633203]","[127.077801, 127.078011, 127.077983, 127.077886, 127.077789, 127.077724, 127.077801]",25645.40
37.6333096,127.07775114,"[37.633203, 37.633255, 37.633385, 37.633396, 37.633347, 37.633261, 37.633203]","[127.077801, 127.078011, 127.077983, 127.077886, 127.077789, 127.077724, 127.077801]",25645.80
37.63330867,127.07775048,"[37.633203, 37.633255, 37.633385, 37.633396, 37.633347, 37.633261, 37.633203]","[127.077801, 127.078011, 127.077983, 127.077886, 127.077789, 127.077724, 127.077801]",25646.00
37.63330764,127.07774974,"[37.633203, 37.633255, 37.633385, 37.633396, 37.633347, 37.633261, 37.633203]","[127.077801, 127.078011, 127.077983, 127.077886, 127.077789, 127.077724, 127.077801]",25646.20
37.63330663,127.07774895,"[37.633203, 37.633255, 37.633385, 37.633396, 37.633347, 37.633261, 37.633203]","[127.077801, 127.078011, 127.077983, 127.077886, 127.077789, 127.077724, 127.077801]",25646.40
37.63330566,127.07774825,"[37.633203, 37.633255, 37.633385, 37.633396, 37.633347, 37.633261, 37.633203]","[127.077801, 127.078011, 127.077983, 127.077886, 127.077789, 127.077724, 127.077801]",25646.60
37.63330463,127.07774748,"[37.633203, 37.633255, 37.633385, 37.633396, 37.633347, 37.633261, 37.633203]","[127.077801, 127.078011, 127.077983, 127.077886, 127.077789, 127.077724, 127.077801]",25646.80
37.63330363,127.07774676,"[37.633203, 37.633255, 37.633385, 37.633396, 37.633347, 37.633261, 37.633203]","[127.077801, 127.078011, 127.077983, 127.077886, 127.077789, 127.077724, 127.077801]",25647.00
37.63330264,127.077746,"[37.633203, 37.633255, 37.633385, 37.633396, 37.633347, 37.633261, 37.633203]","[127.077801, 127.078011, 127.077983, 127.077886, 127.077789, 127.077724, 127.077801]",25647.20
37.63330162,127.07774528,"[37.633203, 37.633255, 37.633385, 37.633396, 37.633347, 37.633261, 37.633203]","[127.077801, 127.078011, 127.077983, 127.077886, 127.077789, 127.077724, 127.077801]",25647.40
37.63330064,127.07774452,"[37.633203, 37.633255, 37.633385, 37.633396, 37.633347, 37.633261, 37.633203]","[127.077801, 127.078011, 127.077983, 127.077886, 127.077789, 127.077724, 127.077801]",25647.60
37.63329967,127.07774379,"[37.633203, 37.633255, 37.633385, 37.633396, 37.633347, 37.633261, 37.633203]","[127.077801, 127.078011, 127.077983, 127.077886, 127.077789, 127.077724, 127.077801]",25647.80
37.63329762,127.0777423,"[37.633203, 37.633255, 37.633385, 37.633396, 37.633347, 37.633261, 37.633203]","[127.077801, 127.078011, 127.077983, 127.077886, 127.077789, 127.077724, 127.077801]",25648.20
37.63329665,127.07774163,"[37.633203, 37.633255, 37.633385, 37.633396, 37.633347, 37.633261, 37.633203]","[127.077801, 127.078011, 127.077983, 127.077886, 127.077789, 127.077724, 127.077801]",25648.40
37.63329564,127.07774087,"[37.633203, 37.633255, 37.633385, 37.633396, 37.633347, 37.633261, 37.633203]","[127.077801, 127.078011, 127.077983, 127.077886, 127.077789, 127.077724, 127.077801]",25648.60
37.63329461,127.07774013,"[37.633203, 37.633255, 37.633385, 37.633396, 37.633347, 37.633261, 37.633203]","[127.077801, 127.078011, 127.077983, 127.077886, 127.077789, 127.077724, 127.077801]",25648.80
37.63329361,127.07773943,"[37.633203, 37.633255, 37.633385, 37.633396, 37.633347, 37.633261, 37.633203]","[127.077801, 127.078011, 127.077983, 127.077886, 127.077789, 127.077724, 127.077801]",25649.00
37.63329259,127.07773867,"[37.633203, 37.633255, 37.633385, 37.633396, 37.633347, 37.633261, 37.633203]","[127.077801, 127.078011, 127.077983, 127.077886, 127.077789, 127.077724, 127.077801]",25649.20
37.63329053,127.0777372,"[37.633203, 37.633255, 37.633385, 37.633396, 37.633347, 37.633261, 37.633203]","[127.077801, 127.078011, 127.077983, 127.077886, 127.077789, 127.077724, 127.077801]",25649.60
37.63328948,127.07773647,"[37.633203, 37.633255, 37.633385, 37.633396, 37.633347, 37.633261, 37.633203]","[127.077801, 127.078011, 127.077983, 127.077886, 127.077789, 127.077724, 127.077801]",25649.80
37.63328844,127.0777357,"[37.633203, 37.633255, 37.633385, 37.633396, 37.633347, 37.633261, 37.633203]","[127.077801, 127.078011, 127.077983, 127.077886, 127.077789, 127.077724, 127.077801]",25650.00
37.63328743,127.07773502,"[37.633203, 37.633255, 37.633385, 37.633396, 37.633347, 37.633261, 37.633203]","[127.077801, 127.078011, 127.077983, 127.077886, 127.077789, 127.077724, 127.077801]",25650.20
37.63328641,127.07773423,"[37.633203, 37.633255, 37.633385, 37.633396, 37.633347, 37.633261, 37.633203]","[127.077801, 127.078011, 127.077983, 127.077886, 127.077789, 127.077724, 127.077801]",25650.40
37.63328537,127.07773357,"[37.633203, 37.633255, 37.633385, 37.633396, 37.633347, 37.633261, 37.633203]","[127.077801, 127.078011, 127.077983, 127.077886, 127.077789, 127.077724, 127.077801]",25650.60
37.63328435,127.07773282,"[37.633203, 37.633255, 37.633385, 37.633396, 37.633347, 37.633261, 37.633203]","[127.077801, 127.078011, 127.077983, 127.077886, 127.077789, 127.077724, 127.077801]",25650.80
37.63328328,127.07773212,"[37.633203, 37.633255, 37.633385, 37.633396, 37.633347, 37.633261, 37.633203]","[127.077801, 127.078011, 127.077983, 127.077886, 127.077789, 127.077724, 127.077801]",25651.00
37.63328222,127.07773138,"[37.633203, 37.633255, 37.633385, 37.633396, 37.633347, 37.633261, 37.633203]","[127.077801, 127.078011, 127.077983, 127.077886, 127.077789, 127.077724, 127.077801]",25651.20
37.63328113,127.07773068,"[37.633203, 37.633255, 37.633385, 37.633396, 37.633347, 37.633261, 37.633203]","[127.077801, 127.078011, 127.077983, 127.077886, 127.077789, 127.077724, 127.077801]",25651.40
37.63327863,127.07772858,"[37.633203, 37.633255, 37.633385, 37.633396, 37.633347, 37.633261, 37.633203]","[127.077801, 127.078011, 127.077983, 127.077886, 127.077789, 127.077724, 127.077801]",25651.80
37.63327707,127.07772758,"[37.633203, 37.633255, 37.633385, 37.633396, 37.633347, 37.633261, 37.633203]","[127.077801, 127.078011, 127.077983, 127.077886, 127.077789, 127.077724, 127.077801]",25652.00
37.63327545,127.07772669,"[37.633203, 37.633255, 37.633385, 37.633396, 37.633347, 37.633261, 37.633203]","[127.077801, 127.078011, 127.077983, 127.077886, 127.077789, 127.077724, 127.077801]",25652.20
37.6332737,127.07772586,"[37.633203, 37.633255, 37.633385, 37.633396, 37.633347, 37.633261, 37.633203]","[127.077801, 127.078011, 127.077983, 127.077886, 127.077789, 127.077724, 127.077801]",25652.40
37.63327185,127.07772524,"[37.633203, 37.633255, 37.633385, 37.633396, 37.633347, 37.633261, 37.633203]","[127.077801, 127.078011, 127.077983, 127.077886, 127.077789, 127.077724, 127.077801]",25652.60
37.63326989,127.07772477,"[37.633203, 37.633255, 37.633385, 37.633396, 37.633347, 37.633261, 37.633203]","[127.077801, 127.078011, 127.077983, 127.077886, 127.077789, 127.077724, 127.077801]",25652.80
37.63326787,127.07772447,"[37.633203, 37.633255, 37.633385, 37.633396, 37.633347, 37.633261, 37.633203]","[127.077801, 127.078011, 127.077983, 127.077886, 127.077789, 127.077724, 127.077801]",25653.00
37.63326576,127.07772437,"[37.633203, 37.633255, 37.633385, 37.633396, 37.633347, 37.633261, 37.633203]","[127.077801, 127.078011, 127.077983, 127.077886, 127.077789, 127.077724, 127.077801]",25653.20
37.63326359,127.0777244,"[37.633203, 37.633255, 37.633385, 37.633396, 37.633347, 37.633261, 37.633203]","[127.077801, 127.078011, 127.077983, 127.077886, 127.077789, 127.077724, 127.077801]",25653.40
37.63326142,127.07772466,"[37.633203, 37.633255, 37.633385, 37.633396, 37.633347, 37.633261, 37.633203]","[127.077801, 127.078011, 127.077983, 127.077886, 127.077789, 127.077724, 127.077801]",25653.60
37.63325919,127.07772497,"[37.633203, 37.633255, 37.633385, 37.633396, 37.633347, 37.633261, 37.633203]","[127.077801, 127.078011, 127.077983, 127.077886, 127.077789, 127.077724, 127.077801]",25653.80
37.63325695,127.07772547,"[37.633203, 37.633255, 37.633385, 37.633396, 37.633347, 37.633261, 37.633203]","[127.077801, 127.078011, 127.077983, 127.077886, 127.077789, 127.077724, 127.077801]",25654.00
37.63325475,127.07772616,"[37.633203, 37.633255, 37.633385, 37.633396, 37.633347, 37.633261, 37.633203]","[127.077801, 127.078011, 127.077983, 127.077886, 127.077789, 127.077724, 127.077801]",25654.20
37.63325044,127.07772797,"[37.633203, 37.633255, 37.633385, 37.633396, 37.633347, 37.633261, 37.633203]","[127.077801, 127.078011, 127.077983, 127.077886, 127.077789, 127.077724, 127.077801]",25654.60
37.63324838,127.07772911,"[37.633203, 37.633255, 37.633385, 37.633396, 37.633347, 37.633261, 37.633203]","[127.077801, 127.078011, 127.077983, 127.077886, 127.077789, 127.077724, 127.077801]",25654.80
37.63324635,127.07773027,"[37.633203, 37.633255, 37.633385, 37.633396, 37.633347, 37.633261, 37.633203]","[127.077801, 127.078011, 127.077983, 127.077886, 127.077789, 127.077724, 127.077801]",25655.00
37.6332444,127.07773162,"[37.633203, 37.633255, 37.633385, 37.633396, 37.633347, 37.633261, 37.633203]","[127.077801, 127.078011, 127.077983, 127.077886, 127.077789, 127.077724, 127.077801]",25655.20
37.63324249,127.07773297,"[37.633203, 37.633255, 37.633385, 37.633396, 37.633347, 37.633261, 37.633203]","[127.077801, 127.078011, 127.077983, 127.077886, 127.077789, 127.077724, 127.077801]",25655.40
37.63324065,127.07773444,"[37.633203, 37.633255, 37.633385, 37.633396, 37.633347, 37.633261, 37.633203]","[127.077801, 127.078011, 127.077983, 127.077886, 127.077789, 127.077724, 127.077801]",25655.60
37.63323892,127.077736,"[37.633203, 37.633255, 37.633385, 37.633396, 37.633347, 37.633261, 37.633203]","[127.077801, 127.078011, 127.077983, 127.077886, 127.077789, 127.077724, 127.077801]",25655.80
37.63323722,127.0777375,"[37.633203, 37.633255, 37.633385, 37.633396, 37.633347, 37.633261, 37.633203]","[127.077801, 127.078011, 127.077983, 127.077886, 127.077789, 127.077724, 127.077801]",25656.00
37.633234,127.07774064,"[37.633203, 37.633255, 37.633385, 37.633396, 37.633347, 37.633261, 37.633203]","[127.077801, 127.078011, 127.077983, 127.077886, 127.077789, 127.077724, 127.077801]",25656.40
37.63323247,127.07774226,"[37.633203, 37.633255, 37.633385, 37.633396, 37.633347, 37.633261, 37.633203]","[127.077801, 127.078011, 127.077983, 127.077886, 127.077789, 127.077724, 127.077801]",25656.60
37.63323101,127.07774394,"[37.633203, 37.633255, 37.633385, 37.633396, 37.633347, 37.633261, 37.633203]","[127.077801, 127.078011, 127.077983, 127.077886, 127.077789, 127.077724, 127.077801]",25656.80
37.63322958,127.07774566,"[37.633203, 37.633255, 37.633385, 37.633396, 37.633347, 37.633261, 37.633203]","[127.077801, 127.078011, 127.077983, 127.077886, 127.077789, 127.077724, 127.077801]",25657.00
37.6332282,127.07774739,"[37.633203, 37.633255, 37.633385, 37.633396, 37.633347, 37.633261, 37.633203]","[127.077801, 127.078011, 127.077983, 127.077886, 127.077789, 127.077724, 127.077801]",25657.20
37.6332269,127.0777492,"[37.633203, 37.633255, 37.633385, 37.633396, 37.633347, 37.633261, 37.633203]","[127.077801, 127.078011, 127.077983, 127.077886, 127.077789, 127.077724, 127.077801]",25657.40
37.63322572,127.07775101,"[37.633203, 37.633255, 37.633385, 37.633396, 37.633347, 37.633261, 37.633203]","[127.077801, 127.078011, 127.077983, 127.077886, 127.077789, 127.077724, 127.077801]",25657.60
37.63322462,127.07775278,"[37.633203, 37.633255, 37.633385, 37.633396, 37.633347, 37.633261, 37.633203]","[127.077801, 127.078011, 127.077983, 127.077886, 127.077789, 127.077724, 127.077801]",25657.80
37.63322356,127.07775454,"[37.633203, 37.633255, 37.633385, 37.633396, 37.633347, 37.633261, 37.633203]","[127.077801, 127.078011, 127.077983, 127.077886, 127.077789, 127.077724, 127.077801]",25658.00
37.63322252,127.0777563,"[37.633203, 37.633255, 37.633385, 37.633396, 37.633347, 37.633261, 37.633203]","[127.077801, 127.078011, 127.077983, 127.077886, 127.077789, 127.077724, 127.077801]",25658.20
37.63322153,127.07775805,"[37.633203, 37.633255, 37.633385, 37.633396, 37.633347, 37.633261, 37.633203]","[127.077801, 127.078011, 127.077983, 127.077886, 127.077789, 127.077724, 127.077801]",25658.40
37.6332196,127.07776146,"[37.633203, 37.633255, 37.633385, 37.633396, 37.633347, 37.633261, 37.633203]","[127.077801, 127.078011, 127.077983, 127.077886, 127.077789, 127.077724, 127.077801]",25658.80
37.63321869,127.07776308,"[37.633203, 37.633255, 37.633385, 37.633396, 37.633347, 37.633261, 37.633203]","[127.077801, 127.078011, 127.077983, 127.077886, 127.077789, 127.077724, 127.077801]",25659.00
37.63321778,127.07776476,"[37.633203, 37.633255, 37.633385, 37.633396, 37.633347, 37.633261, 37.633203]","[127.077801, 127.078011, 127.077983, 127.077886, 127.077789, 127.077724, 127.077801]",25659.20
37.63321693,127.0777664,"[37.633203, 37.633255, 37.633385, 37.633396, 37.633347, 37.633261, 37.633203]","[127.077801, 127.078011, 127.077983, 127.077886, 127.077789, 127.077724, 127.077801]",25659.40
37.63321608,127.077768,"[37.633203, 37.633255, 37.633385, 37.633396, 37.633347, 37.633261, 37.633203]","[127.077801, 127.078011, 127.077983, 127.077886, 127.077789, 127.077724, 127.077801]",25659.60
37.63321455,127.07777113,"[37.633203, 37.633255, 37.633385, 37.633396, 37.633347, 37.633261, 37.633203]","[127.077801, 127.078011, 127.077983, 127.077886, 127.077789, 127.077724, 127.077801]",25700.00
37.63321383,127.07777267,,,25700.20
37.63321315,127.07777418,,,25700.40
37.63321247,127.07777572,,,25700.60
37.63321182,127.07777723,,,25700.80
37.63321116,127.07777872,,,25701.00
37.63321051,127.07778025,,,25701.20
37.63320987,127.07778173,,,25701.40
37.63320926,127.07778322,,,25701.60
37.633208,127.07778615,,,25702.00
37.6332074,127.07778764,,,25702.20
37.63320687,127.07778911,,,25702.40
37.63320627,127.07779054,,,25702.60
37.63320578,127.07779194,,,25702.80
37.6332053,127.07779328,,,25703.00
37.63320481,127.07779451,,,25703.20
37.63320433,127.07779573,,,25703.40
37.63320391,127.07779693,,,25703.60
37.63320348,127.0777981,,,25703.80
37.6332031,127.07779923,,,25704.00
37.63320266,127.0778003,,,25704.20
37.63320238,127.07780139,,,25704.40
37.63320169,127.07780345,,,25704.80
37.63320138,127.07780443,,,25705.00
37.63320107,127.07780539,,,25705.20
37.63320075,127.07780629,,,25705.40
37.63320049,127.07780724,,,25705.60
37.63320018,127.0778081,,,25705.80
37.63319991,127.07780903,,,25706.00
37.63319963,127.07780984,,,25706.20
37.63319912,127.07781151,,,25706.60
37.63319883,127.07781229,,,25706.80
37.63319855,127.07781304,,,25707.00
37.63319835,127.07781384,,,25707.20
37.63319808,127.07781457,,,25707.40
37.63319786,127.07781532,,,25707.60
37.63319761,127.077816,,,25707.80
37.63319739,127.07781667,,,25708.00
37.63319716,127.07781739,,,25708.20
37.63319695,127.07781807,,,25708.40
37.63319673,127.07781873,,,25708.60
37.63319649,127.07781939,,,25708.80
37.6331961,127.07782066,,,25709.20
37.63319586,127.07782124,,,25709.40
37.63319566,127.07782186,,,25709.60
37.63319549,127.07782246,,,25709.80
37.63319531,127.07782306,,,25710.00
37.63319506,127.07782356,,,25710.20
37.63319485,127.07782413,,,25710.40
37.63319465,127.0778247,,,25710.60
37.63319446,127.07782525,,,25710.80
37.6331943,127.07782575,,,25711.00
37.63319412,127.07782629,,,25711.20
37.63319393,127.07782682,,,25711.40
37.63319377,127.07782734,,,25711.60
37.6331936,127.07782784,,,25711.80
37.63319343,127.07782834,,,25712.00
37.63319313,127.07782933,,,25712.40
37.63319293,127.07782981,,,25712.60
37.63319277,127.07783024,,,25712.80
37.63319263,127.07783073,,,25713.00
37.63319247,127.07783119,,,25713.20
37.63319232,127.07783164,,,25713.40
37.63319217,127.07783208,,,25713.60
